-- phpMyAdmin SQL Dump
-- version 4.9.11
-- https://www.phpmyadmin.net/
--
-- Host: localhost:3306
-- Waktu pembuatan: 26 Feb 2023 pada 17.31
-- Versi server: 10.5.19-MariaDB
-- Versi PHP: 7.4.33

SET SQL_MODE = "NO_AUTO_VALUE_ON_ZERO";
SET AUTOCOMMIT = 0;
START TRANSACTION;
SET time_zone = "+00:00";


/*!40101 SET @OLD_CHARACTER_SET_CLIENT=@@CHARACTER_SET_CLIENT */;
/*!40101 SET @OLD_CHARACTER_SET_RESULTS=@@CHARACTER_SET_RESULTS */;
/*!40101 SET @OLD_COLLATION_CONNECTION=@@COLLATION_CONNECTION */;
/*!40101 SET NAMES utf8mb4 */;

--
-- Database: `hmptiudb_db_organisasi`
--

-- --------------------------------------------------------

--
-- Struktur dari tabel `h_carousel`
--

CREATE TABLE `h_carousel` (
  `id_carousel` int(11) NOT NULL,
  `include_logo` int(1) NOT NULL DEFAULT 0,
  `judul` varchar(100) NOT NULL DEFAULT '0',
  `paragraf` varchar(500) NOT NULL DEFAULT '0',
  `image` varchar(100) DEFAULT '',
  `posisi` varchar(50) DEFAULT ''
) ENGINE=InnoDB DEFAULT CHARSET=utf8mb4 COLLATE=utf8mb4_general_ci;

--
-- Dumping data untuk tabel `h_carousel`
--

INSERT INTO `h_carousel` (`id_carousel`, `include_logo`, `judul`, `paragraf`, `image`, `posisi`) VALUES
(19, 1, 'Himpunan Mahasiswa Prodi Teknik Informatika Universitas Duta Bangsa Surakarta', 'Bergerak untuk memajukan sumber daya manusia indonesia dalam mengasah skill di bidang teknologi.', '1631487954.jpg', 'middle');

-- --------------------------------------------------------

--
-- Struktur dari tabel `h_detail_organisasi`
--

CREATE TABLE `h_detail_organisasi` (
  `id` int(11) NOT NULL,
  `nama_organisasi` varchar(150) DEFAULT '',
  `tentang_kami` text NOT NULL DEFAULT '0',
  `visi` text NOT NULL DEFAULT '0',
  `misi` text NOT NULL DEFAULT '0',
  `navbar_bg` varchar(50) NOT NULL DEFAULT '0',
  `navbar_text` varchar(50) NOT NULL DEFAULT '0',
  `image` varchar(50) DEFAULT '',
  `daftar` int(11) NOT NULL DEFAULT 0
) ENGINE=InnoDB DEFAULT CHARSET=utf8mb4 COLLATE=utf8mb4_general_ci;

--
-- Dumping data untuk tabel `h_detail_organisasi`
--

INSERT INTO `h_detail_organisasi` (`id`, `nama_organisasi`, `tentang_kami`, `visi`, `misi`, `navbar_bg`, `navbar_text`, `image`, `daftar`) VALUES
(1, 'HMPTI UDB', 'Himpunan Mahasiswa Prodi Teknik Informatika (HMPTI) Fakultas Ilmu Komputer Universitas Duta Bangsa Surakarta yang bertempat di Kota Surakarta Provinsi Jawa Tengah.', 'Menjadikan Himpunan Mahasiswa Program Studi Teknik Informatika (HMPTI) sebagai himpunan mahasiswa yang berkualitas, unggul, serta aktif berperan meningkatkan kualitas pendidikan mahasiswa Teknik Informatika dengan menyalurkan potensi mahasiswa Teknik Informatika dalam bidang akademik.', '1. Menyesuaikan keadaan organisasi sehingga mampu selaras dengan kondisi mahasiswa Teknik Informatika.\r\n2. Menjalankan kegiatan sesuai dengan program kerja yang ada untuk menyalurkan aspirasi mahasiswa serta menampung kreativitas mahasiswa/i dalam bidang teknologi informatika.\r\n3. Memberi wadah bagi mahasiswa/i Teknik Informatika yang memiliki potensi dalam suatu bidang.\r\n4. Mengembangkan kemampuan mahasiswa Teknik Informatika untuk memiliki jiwa wirausaha dengan memanfaatkan teknologi yang ada.\r\n5. Menjalin komunikasi yang baik dantara pengurus agar tercipta suasana kekeluargaan yang harmonis.\r\n6. Memepererat relasi mahasiswa Teknik Informatika baik relasi internal antara mahasiswa/i Teknik Informatika maupun relasi eksternal dengan program studi lain.', '#FFFFFF', '#3F3C3C', 'logo.png?1624943673', 1);

-- --------------------------------------------------------

--
-- Struktur dari tabel `h_divisi`
--

CREATE TABLE `h_divisi` (
  `id_divisi` int(11) NOT NULL,
  `nama_divisi` varchar(255) NOT NULL DEFAULT '',
  `logo` varchar(60) DEFAULT NULL,
  `deskripsi` text DEFAULT NULL
) ENGINE=InnoDB DEFAULT CHARSET=utf8mb4 COLLATE=utf8mb4_general_ci ROW_FORMAT=DYNAMIC;

--
-- Dumping data untuk tabel `h_divisi`
--

INSERT INTO `h_divisi` (`id_divisi`, `nama_divisi`, `logo`, `deskripsi`) VALUES
(10, 'Ketua & Wakil Ketua', NULL, 'Ketua berperan mengoordinasikan seluruh kegiatan, menyusun rencana kegiatan, menyusun laporan pelaksanaan kegiatan, dan memimpin rapat. Wakil Ketua berperan membantu pelaksanaan tugas Ketua dan menjalankan peran Ketua saat Ketua berhalangan.'),
(11, 'Sekretaris', NULL, 'Sekretaris adalah anggota (pengurus) yang mengemban tugas tulis-menulis, atau surat-menyurat.'),
(12, 'Bendahara', NULL, 'Bendahara sebagai penanggung jawab (pemegang) atau pengurus keuangan.'),
(13, 'Divisi Riset dan Teknologi', NULL, 'Divisi yang berperan dalam memunculkan inovasi-inovasi dengan melakukan riset dan pengembangan.'),
(14, 'Divisi KOMINFO', NULL, 'Media dan Informasi adalah divisi yang bergerak dalam bidang multimedia dan berfungsi sebagai media penyebaran informasi di lingkup HMTI serta media sosial.'),
(15, 'Divisi Minat dan Bakat', NULL, 'Minat dan Bakat adalah divisi yang berfungsi sebagai wadah yang menaungi minat dan bakat para mahasiswa aktif Teknik Informatika Universitas Duta Bangsa, terutama di bidang teknologi.'),
(152, 'Divisi Humas', NULL, 'Divisi Hubungan Masyarakat , menjalankan tugas menyalurkan aspirasi dan sosialisasi di msyarakat');

-- --------------------------------------------------------

--
-- Struktur dari tabel `h_events`
--

CREATE TABLE `h_events` (
  `id_event` int(25) NOT NULL DEFAULT 0,
  `thumbnail` varchar(200) NOT NULL DEFAULT '',
  `judul` varchar(150) DEFAULT '',
  `jadwal` int(20) NOT NULL DEFAULT 0,
  `poster` varchar(200) NOT NULL DEFAULT '',
  `deskripsi` text NOT NULL DEFAULT '',
  `publish` int(1) DEFAULT 0,
  `author` varchar(500) DEFAULT '',
  `last_update` int(20) NOT NULL DEFAULT 0,
  `limit_pendaftar` int(4) DEFAULT 0,
  `apakah_berbayar` int(1) DEFAULT 0,
  `wajib_bukti_kehadiran` int(1) DEFAULT 0,
  `sertifikat` varchar(50) DEFAULT '',
  `data_tambahan` varchar(500) DEFAULT '',
  `pesan_utk_pendaftar` text NOT NULL DEFAULT ''
) ENGINE=InnoDB DEFAULT CHARSET=utf8mb4 COLLATE=utf8mb4_general_ci;

--
-- Dumping data untuk tabel `h_events`
--

INSERT INTO `h_events` (`id_event`, `thumbnail`, `judul`, `jadwal`, `poster`, `deskripsi`, `publish`, `author`, `last_update`, `limit_pendaftar`, `apakah_berbayar`, `wajib_bukti_kehadiran`, `sertifikat`, `data_tambahan`, `pesan_utk_pendaftar`) VALUES
(1624000000, 'thumb-1624963579.jpg?1624964280', 'SIBARMATI #1 - Sinau CRUD Bareng', 1622291400, 'poster-1624963579.jpg?1624963838', '<p>Belajar bareng tentang CRUD memakai bahasa pemrograman PHP.</p>', 1, 'WIDI DWI NURCAHYO', 1631787134, 0, 0, 0, '', '', ''),
(1624963850, 'thumb-1624963850.jpg?1624964180', 'SIBARMATI #2 - Sinau Deployment Bareng', 1624798800, 'poster-1624963850.jpg?1624964180', '<p>Sinau bareng cara set up deploy website berbasis PHP secara otomatis memakai GITLAB CI</p>', 1, 'WIDI DWI NURCAHYO', 1631787157, 1, 0, 1, 'sertifikat-1624963850.jpeg?1631023720', '', ''),
(1624965855, 'thumb-1624965855.jpg?1624966103', 'WEBINAR ANDROID FUNDAMENTAL', 1617429600, 'poster-1624965855.jpg?1624965983', '<p>Kegiatan ini dilaksanakan oleh Divisi Minat dan\r\nBakat Himpunan Mahasiswa Prodi Teknik Informatika Fakultas Ilmu Komputer Universitas\r\nDuta Bangsa Surakarta, yang di ikuti oleh Mahasiswa Fakultas Ilmu Komputer\r\nUniversitas Duta Bangsa Surakarta dan umum, kuota perserta yaitu 450 orang dengan\r\npendaftar sejumlah mendaftar 339, konfirmasi 295 yang hadir<br></p>', 1, 'WIDI DWI NURCAHYO', 1624966103, 0, 0, 0, '', '', ''),
(1631028424, 'thumbnail-img-1631028424.jpeg?1632006402', 'SIBARMATI #3 - Docker Fundamental', 1627748820, 'poster-img-1631028424.jpeg?1632006402', '<p>Sinau Bareng dasar-dasar membuat container di Docker bersama Arif Demawan.<br></p>', 1, 'WIDI DWI NURCAHYO', 1632006402, 0, 0, 1, '', '', ''),
(1631788051, 'thumbnail-img-1631788051.jpg?1632006428', 'SIBARMATI #4 - INTRODUCTION FOR GIT', 1630673100, 'poster-img-1631788051.jpg?1632006428', '<p>\r\n<a class=\"btn btn-success shadow\" target=\"_blank\" href=\"https://calendar.google.com/event?action=TEMPLATE&amp;tmeid=NDJibG1hZ2YyMHNvaWViOGE3dGZsM2t2cjAgd2lkaWJha2E1NUBt&amp;tmsrc=widibaka55%40gmail.com\">\r\n<i class=\"fa fa-calendar-alt mr-2\"></i> Tambah Ke <strong>Google Calendar</strong>\r\n</a>\r\n</p>\r\n\r\n<p>Belajar membuat repository di Git Version Control System bersama Yulidar Maulana</p>', 1, 'WIDI DWI NURCAHYO', 1632007788, 0, 0, 1, '', '', ''),
(1632658735, 'thumbnail-img-1632658735.png?1633347761', 'Webinar Cyber Security - Rekam Jejak Digital Tak Pernah Hilang', 1633748400, 'poster-img-1632658735.png?1633347761', '<p><b>WEBINAR CYBER SECURITY</b></p><p><b>Presented By</b></p><p>Himpunan Mahasiswa Prodi Teknik Infomatika</p><p><br></p><p>Hallo Sobat IT</p><p>Saat kita mengakses internet kita akan meninggalkan sebuah jejak yang biasa disebut dengan jejak digital. Nah, jejak digital ini dibagi menjadi 2 jenis, apa aja itu? Untuk mengetahuinya Ayo Hadiri kegiatan :</p><p><b><i>Webinar Cyber Security</i></b></p><p><b><i>\"Rekam Jejak Digital Tak Pernah Hilang\"</i></b></p><p><b><i><br></i></b></p><p><span style=\"font-size: 1rem;\">• Pembicara :</span><br></p><p>Dedy Hariyadi </p><p> VP of Technologi at Widya Security</p><p><br></p><p>•Moderator : </p><p>Rio Suryo Laksono</p><p> Pengurus HMPTI 2021</p><p>  </p><p>Acara akan dilaksanakan pada :</p><p>Hari/Tanggal : Sabtu, 09 Oktober 2021</p><p>Waktu : 09.00 s/d 11.00</p><p>Tempat : zoom meeting</p><p><br></p><p><span style=\"font-size: 1rem;\">• HTM : </span><br></p><p>Only 10k</p><p><br></p><p>• Benefit :</p><p>1. E-sertifikat</p><p>2. Doorprize</p><p><br></p><p>Alur Pendaftaran :</p><p>1. Melakukan pembayaran melalui</p><p>  - Link Aja : 082220499659 (a.n Pipin Yulanda)</p><p>  - Dana : 082220499659 (a.n Pipin Yulanda)</p><p>2. Mengisi formulir pendaftaran di s.id/Webinar_CyberSecurity</p><p>3. Konfirmasi pembayaran via WhatsApp cp</p><p><br></p><p>• CP : </p><p>081228852730 (Fitroh)</p><p>085641966948 (Risma)</p><p><br></p><p>Event ini terbuka untuk umum</p><p>Let\'s join !!</p>', 1, 'RIO SURYO LAKSONO', 1664860278, 0, 1, 1, 'sertifikat-1632658735.jpg?1634047331', 'No HP, Instansi', '<p class=\"MsoListParagraphCxSpFirst\" xss=\"removed\"><span xss=\"removed\">Terimakasih telah mendaftar.<o></o></span></p><p class=\"MsoListParagraphCxSpMiddle\" xss=\"removed\"><span xss=\"removed\">Silahkan gabung pada WA Grup berikut untuk\r\nupdate informasi selanjutnya :<o></o></span></p><p>\r\n\r\n\r\n\r\n</p><p class=\"MsoListParagraphCxSpLast\" xss=\"removed\"><a href=\"https://chat.whatsapp.com/B5l4bygQTRyKr03K8IIgLR\" target=\"_blank\">https://chat.whatsapp.com/B5l4bygQTRyKr03K8IIgLR</a><br></p>'),
(1635135455, 'thumbnail-img-1635135455.jpeg?1635135908', 'SIBARMATI #6 - KEPOIN FLUTTER SESI 1 & 2', 1635511500, 'poster-img-1635135455.jpeg?1635135908', '<p>KEPOIN FLUTTER </p><p>SESI 1 - Pengenalan &amp; instalasi Flutter</p><p>SESI 2 - Pembuatan Aplikasi Mobile Gacha Arisan</p><p><br></p>', 1, 'WIDI DWI NURCAHYO', 1635428699, 0, 0, 0, '', '', 'Silakan masuk ke grup SIBARMATI kami <a href=\"https://chat.whatsapp.com/JCvhkoxdXAI9mhYivX0lJP\" target=\"_blank\">https://chat.whatsapp.com/JCvhkoxdXAI9mhYivX0lJP</a>'),
(1637043275, 'thumbnail-img-1637043275.jpg?1637132894', 'Sibarmati #7 Create a Fast Website with Wordpress', 1637671500, 'poster-img-1637043275.jpg?1637132894', 'SIBARMATI (SINAU BARENG MAHASISWA TI) #7 ', 1, 'RIFQI FIRDAUSI ARAFADH', 1637132894, 0, 0, 0, '', 'Email,No Whatsapp,Instansi', 'Terimakasih sudah mendaftar, silahkan join grup whatsapp kami di https://chat.whatsapp.com/JCvhkoxdXAI9mhYivX0lJP'),
(1642779253, 'thumbnail-img-1642779253.png?1643000013', 'Sibarmati S2 #1 Login Google With Code Igniter 4', 1643371200, 'poster-img-1642779253.png?1643000013', '<p>Sibarmati kali ini membahas tentang penggunaan Api google. Pada sesi ini akan dijelaskan cara penggunaan Api google sampai cara loginnya.<br></p>', 1, 'WAHYU WIJAYA', 1644763169, 0, 0, 0, '', 'Nomor WhatsApp', 'Terimakasih sudah mendaftar, silahkan join grup whatsapp kami di https://chat.whatsapp.com/JCvhkoxdXAI9mhYivX0lJP'),
(1644765095, 'thumbnail-img-1644765095.png?1645509610', 'Sibarmati S2 #2 Integration and Automation with Integromat', 1645876920, 'poster-img-1644765095.png?1645509610', '<p><b>Sibarmati #2 kali ini akan membahas mengenai IT OTOMATISASI : INTEGRATION AND AUTOMATION WITH INTERGROMAT, pada studi kasus Otomatisasi dalam pelaksanaan event daring.</b><br></p>', 1, 'Fitroh Ahmad Abdul Aziz', 1645509924, 0, 0, 1, '', 'Email, Nomor WhatsApp', '<p>Terimakasih sudah mendaftar, silahkan join grup whatsapp kami di https://chat.whatsapp.com/JCvhkoxdXAI9mhYivX0lJP<br></p>'),
(1645334027, 'thumbnail-img-1645334027.png?1645782701', 'Webinar Cyber Security - Cyber Security Career Prospect', 1647072000, 'poster-img-1645334027.png?1645782701', '<p><span style=\"font-size: 1rem;\">Hallo Sobat IT...</span><br></p><p>Tahukah Anda, saat ini banyak peluang kerja di sektor Teknologi Informasi (TI). Khususnya, untuk bidang keamanan siber. Kebutuhan tenaga seorang spesialis Cyber Security sangat tinggi di era industri 4.0. Mau tau prospek pekerjaan seorang Cyber Security? Semua akan dikupas tuntas dalam.</p><p><br></p><p>Webinar Cyber Security</p><p>\"Cyber Security Career Prospect\"</p><p><br></p><p>Pembicara :</p><p>Wisnu Sanjaya</p><p>Lecturer and Digital Forensic Specialized</p><p><br></p><p>Moderator : </p><p>Rio Suryo Laksono</p><p><br></p><p>Acara akan dilaksanakan pada :</p><p>Hari/Tanggal : Sabtu, 12 Maret 2022</p><p>Waktu : 09.00 s/d 11.00</p><p>Tempat : zoom meeting</p><p><br></p><p>HTM : Only 10k</p><p><br></p><p>Benefit :</p><p>1. Relasi</p><p>2. E-sertifikat</p><p>3. Doorprize</p><p><br></p><p>Alur Pendaftaran :</p><p>1. Melakukan pembayaran melalui</p><p> - BCA :3930847134</p><p>- Dana : 081477089068</p><p>    a.n Tiara Indriyani</p><p>2. Mengisi formulir pendaftaran di :</p><p>http://s.id/webinar_cybersecurity</p><p>3. Konfirmasi pembayaran via WhatsApp CP</p><p><span style=\"font-size: 1rem;\"><br></span></p><p><span style=\"font-size: 1rem;\">CP : </span><br></p><p>0812 2985 4638 (Wihan)</p><p>0852 2802 6302 (Atik)</p><p>Event ini terbuka untuk umum</p><p>Let\'s join !!!</p>', 1, 'Fitroh Ahmad Abdul Aziz', 1667482180, 0, 1, 1, 'sertifikat-1645334027.jpg?1647241841', '', '<p><span xss=\"removed\">Formulir pendaftran sudah terkirim. Silahkan masuk ke grub untuk informasi lebih lanjut.</span></p><p><a href=\"https://chat.whatsapp.com/LLJRVkWB9EX27i3QUCLJ7R\" target=\"_blank\">https://chat.whatsapp.com/LLJRVkWB9EX27i3QUCLJ7R</a></p>'),
(1647738905, 'thumbnail-img-1647738905.png?1648014010', 'Sibarmati S2 #3 Bermain dengan Public API', 1648292340, 'poster-img-1647738905.png?1648014010', '<p><b>Sibarmati #2 epsd 03 kali ini akan membahas mengenai jQuery Public API : Bermain dengan Public API, Studi Kasus Total Covid-19 di Indonesia.</b><br></p>', 1, 'Wahyu Wijaya', 1656420213, 0, 0, 1, '', 'Email, NoWhatsApp', '<p>Terimakasih sudah mendaftar, silahkan join grup whatsapp kami di https://chat.whatsapp.com/JCvhkoxdXAI9mhYivX0lJP<br></p>'),
(1658416276, 'thumbnail-img-1658416276.png?1658816780', 'Sibarmati S2 #4 Introduction to Golang Progamming', 1659092400, 'poster-img-1658416276.png?1658816780', '<p><b>Sibarmati #2 epsd 04 kali ini akan membahas mengenai Introduction to Golang Progamming.</b></p>', 1, 'RIO SURYO LAKSONO', 1659084400, 0, 0, 1, '', 'Email, No Whatsapp', '<p>Terimakasih sudah mendaftar, silahkan join grup whatsapp kami di https://chat.whatsapp.com/JCvhkoxdXAI9mhYivX0lJP</p>'),
(1660966499, 'thumbnail-img-1660966499.png?1661340737', 'Sibarmati S2 #5 Linux System Administration (Ubuntu Server)', 1661932800, 'poster-img-1660966499.png?1661340737', '<p>\r\n\r\n\r\n	\r\n	\r\n	\r\n	\r\n\r\n</p><p style=\"line-height: 108%; margin-bottom: 0.11in\"><b>\r\nSibarmati #2 epsd 05 kali ini akan membahas mengenai <font face=\"Times New Roman, serif\" style=\"\"><font style=\"font-size: 12pt\" size=\"3\">Linux\r\nSystem Administration (Ubuntu Server)</font></font></b></p><p style=\"line-height: 108%; margin-bottom: 0.11in\"><br></p><p style=\"line-height: 108%; margin-bottom: 0.11in\">Sebelum mengikuti acara sibarmati ini peserta diharapkan untuk mendownload software dan iso terlebih dahulu, link download sebagai berikut:</p><p style=\"line-height: 108%; margin-bottom: 0.11in\">\r\n\r\n\r\n	\r\n	\r\n	\r\n	\r\n\r\n</p><p style=\"line-height: 100%; margin-bottom: 0in\">\r\nVirtual Box</p>\r\n<p style=\"line-height: 100%; margin-bottom: 0in\">Link :</p><p style=\"line-height: 100%; margin-bottom: 0in\"><a href=\"https://www.virtualbox.org/wiki/Downloads\">https://www.virtualbox.org/wiki/Downloads</a></p>\r\n<p style=\"line-height: 100%; margin-bottom: 0in\">atau</p>\r\n<p style=\"line-height: 100%; margin-bottom: 0in\"><a href=\"https://download.virtualbox.org/virtualbox/6.1.36/VirtualBox-6.1.36-152435-Win.exe\">https://download.virtualbox.org/virtualbox/6.1.36/VirtualBox-6.1.36-152435-Win.exe</a></p>\r\n<p style=\"line-height: 100%; margin-bottom: 0in\"><br>\r\n\r\n</p>\r\n<p style=\"line-height: 100%; margin-bottom: 0in\">Ubuntu Server</p>\r\n<p style=\"line-height: 100%; margin-bottom: 0in\">Link :\r\n</p><p style=\"line-height: 100%; margin-bottom: 0in\"><span style=\"background-color: transparent; font-size: 1rem;\">https://cdimage.ubuntu.com/releases/18.04/release/</span><br></p>\r\n<p style=\"line-height: 100%; margin-bottom: 0in\">atau</p>\r\n<p style=\"line-height: 100%; margin-bottom: 0in\"><a href=\"https://cdimage.ubuntu.com/releases/18.04/release/ubuntu-18.04.6-server-amd64.iso\">https://cdimage.ubuntu.com/releases/18.04/release/ubuntu-18.04.6-server-amd64.iso</a></p>\r\n<p style=\"line-height: 100%; margin-bottom: 0in\"><br>\r\n\r\n</p>\r\n\r\n<p style=\"line-height: 108%; margin-bottom: 0.11in\"><style type=\"text/css\">p { line-height: 115%; margin-bottom: 0.1in; background: transparent }a:link { color: #000080; so-language: zxx; text-decoration: underline }</style><br><br></p><p style=\"line-height: 100%; margin-bottom: 0in\"><style type=\"text/css\">p { line-height: 115%; text-align: left; orphans: 2; widows: 2; margin-bottom: 0.1in; direction: ltr; background: transparent }</style></p>\r\n\r\n<p><style type=\"text/css\">p { line-height: 115%; margin-bottom: 0.1in; background: transparent }a:link { color: #000080; so-language: zxx; text-decoration: underline }</style></p>', 1, 'FANDI AZIZ PRATAMA', 1661342088, 0, 0, 1, '', 'Email, No Whatsapp', '<p>\r\n\r\n \r\n \r\n \r\n \r\n\r\n\r\nTerimakasih sudah mendaftar, silahkan join grup whatsapp kami\r\ndi <a href=\"https://chat.whatsapp.com/JCvhkoxdXAI9mhYivX0lJP\" target=\"_blank\">chat.whatsapp.com</a></p>'),
(1662880934, 'thumbnail-img-1662880934.jpeg?1662881440', 'PRE ORDER PEMBUATAN JAKET', 1665507540, 'poster-img-1662880934.jpeg?1662881440', '<p>Assalamu\'alaikum wr.wb.</p><p>Haii bestyyy, apa kabar semua? Ada yang baru nihh buat kita anak IT????</p><p><br></p><p>Kami Himpunan Mahasiswa Program Studi Teknik Informatika UDB mengadakan PRE ORDER PEMBUATAN JAKET \"Code Igniter\"</p><p><br></p><p><b>System : Pre Order </b></p><p><b>Price : Rp. 160.000 (No DP)</b></p><p><b>Gotten : Jaket  </b></p><p><b>Ingredient : Taslan</b></p><p><b>Warna : Hitam</b></p><p><b>Registration Time : 12-23 September 2022 </b></p><p><br></p><p> Pembayaran Online :</p><p><b> Mandiri : 1380020621996</b></p><p>a/n Rio Suryo Laksono </p><p><br></p><p>Link Pendaftaran & konfirmasi pembayaran : </p><p><br></p><p>*Pembayaran Offline Hubungi </p><p>CP: </p><p>0851-5681-5391</p><p>an Ikhsan </p><p><br></p><p>Note‼️</p><p>*Penulisan nama & ukuran harus tepat</p><p><br></p><p>Catat tanggalnya yaaa</p><p>12-23 September 2022</p><p><br></p><p>Wassalamualaikum wr.wb.</p>', 1, 'JOFAN FATHURAHMAN 2020', 1663940745, 0, 1, 0, '', 'Nama,Asal instansi,Ukuran,Isi alamat lengkap jika diluar Kota Solo/isi', '<p>Pesanan anda sudah kami terima, untuk infomasi lebih lanjut silahkan bergabung digrub ini yaa!</p><p><a href=\"https://chat.whatsapp.com/I4OoXraR7bvJ0B7Zjlt2n2\" target=\"_blank\">https://chat.whatsapp.com/I4OoXraR7bvJ0B7Zjlt2n2</a></p><p>Terimakasih<br><br></p>'),
(1663913369, 'thumbnail-img-1663913369.jpg?1664155338', 'SIBARMATI SEASON 2 EPISODE 6', 1665717000, 'poster-img-1663913369.jpg?1664155338', '<p>Hallo sobat IT,</p><p>Kami punya info menarik buat kalian, Himpunan Mahasiswa Prodi Teknik informatika UDB Surakarta akan kembali menghadirkan acara Sinau Bareng Mahasiswa Teknik Informatika atau Sibarmati season 2 part 6 dengan acara yang paling memuaskan. Karena :</p><p>Tema : </p><p><br></p><p>✨Belajar PHP bersama anak HMPTI, mencari dan menciptakan bibit unggul✨</p><p><br></p><p>judul :</p><p><br></p><p>✨Studi Kasus Sistem Pengolahaan data Mahasiswa✨</p><p><br></p><p>Dan pada kesempatan kali ini kita akan belajar bersama Kakak *_Jofan Fathurahman_* (Anggota dari divisi Riset dan Teknologi HMPTI ).</p><p><br></p><p>Eitsss.. tapi ada yang beda dari Sibarmati kali ini dengan sebelumnya. Dikesempatan kali ini kita akan mengadakan Sibarmati secara offline. Wahh jadi tambah menarik bukan? Kapan lagi bisa nongkrong sekaligus sinau bareng dengan ilmu yang sangat bermanfaat tentunya.</p><p><br></p><p>Acara ini akan dilaksanakan pada</p><p>????Hari, Tanggal : Sabtu, 01 Oktober 2022</p><p>⏰Waktu : Pukul 09.30 wib - Selesai</p><p>????Tempat : Aula 2 (*OFFLINE*)</p><p><br></p><p>Tunggu apalagi ? let\'s join with us!!</p><p>Kuota Terbatas!</p><p><br></p><p>????Link pendaftaran</p><p>https://s.id/SibarmatiSeason2Epsd6</p><p><br></p><p>????Contacts Person</p><p>Rama : 0899-5226-718</p><p>Saputra  : 0858‑7611‑4144  </p><p><br></p><p><br></p><p>Salam sobat IT,</p><p>Terimakasih.</p>', 1, 'JOFAN FATHURAHMAN 2020', 1665535596, 50, 0, 1, '', 'Nama, Email, Nomor WhatsApp', 'Untuk bergabung dengan WhatsApp grup silahkan klik link berikut :https://chat.whatsapp.com/JCvhkoxdXAI9mhYivX0lJP');

-- --------------------------------------------------------

--
-- Struktur dari tabel `h_jabatan`
--

CREATE TABLE `h_jabatan` (
  `id_jabatan` int(11) NOT NULL,
  `nama_jabatan` varchar(255) NOT NULL DEFAULT '',
  `id_divisi` int(11) DEFAULT NULL
) ENGINE=InnoDB DEFAULT CHARSET=utf8mb4 COLLATE=utf8mb4_general_ci;

--
-- Dumping data untuk tabel `h_jabatan`
--

INSERT INTO `h_jabatan` (`id_jabatan`, `nama_jabatan`, `id_divisi`) VALUES
(11, 'Ketua', 10),
(12, 'Koordinator', 13),
(13, 'Anggota', 13),
(14, 'Wakil Ketua', 10),
(15, 'Koordinator', 14),
(16, 'Anggota', 14),
(17, 'Koordinator', 15),
(18, 'Anggota', 15),
(19, 'Sekretaris', 11),
(20, 'Bendahara', 12),
(21, 'Humas', 152),
(22, 'Koordinator', 152);

-- --------------------------------------------------------

--
-- Struktur dari tabel `h_member`
--

CREATE TABLE `h_member` (
  `nim` int(11) NOT NULL,
  `email` varchar(255) DEFAULT '',
  `nama` varchar(250) NOT NULL DEFAULT '0',
  `kelas` varchar(50) DEFAULT '',
  `id_jabatan` int(11) NOT NULL DEFAULT 0,
  `kontak` varchar(500) DEFAULT '',
  `deskripsi` text DEFAULT '',
  `image` varchar(255) DEFAULT '',
  `aktif` int(1) DEFAULT 1
) ENGINE=InnoDB DEFAULT CHARSET=utf8mb4 COLLATE=utf8mb4_general_ci;

--
-- Dumping data untuk tabel `h_member`
--

INSERT INTO `h_member` (`nim`, `email`, `nama`, `kelas`, `id_jabatan`, `kontak`, `deskripsi`, `image`, `aktif`) VALUES
(2020303, '2020303xx@mhs.udb.ac.id', 'Jamilatun Safitri', '200103190', 0, '', 'Lorem ipsum dolor sit amet, consectetur adipisicing elit. Reiciendis iusto corporis ipsam optio adipisci dolorum, odio minima? Expedita qui ratione explicabo iste voluptate, quae perspiciatis laboriosam quisquam, ducimus reiciendis repudiandae?', '', 0),
(170103158, 'jemyka@jemyka', 'Jemyka Phalupi', '17TIA3', 0, '', 'Ketua HMPTI Tahun 2019 Ketua HMPTI Tahun 2019 Ketua HMPTI Tahun 2019', '', 0),
(180103023, 'andreas_abi@fikom.udb.ac.id', 'Andreas Abi Permana', '18TIA2', 0, '', 'Andreas Abi Permana. Menjabat sebagai Ketua HMP TI UDB periode 2021.', '180103023.jpg?1631857657', 0),
(180103029, 'arif_eko@fikom.udb.ac.id', 'Arif Eko Fitrianto', '18TIA1', 0, '', 'Arif Eko Fitrianto. Menjabat sebagai anggota HMP TI UDB periode 2021.', '', 0),
(180103088, 'matin_muhith@fikom.udb.ac.id', 'Matin Muhith', '18TIA2', 0, '', 'Matin Muhith. Menjabat sebagai wakil ketua HMP TI UDB periode 2021.', '', 0),
(180103106, 'rizki_febriansyah@fikom.udb.ac.id', 'Muhammad Rizki Febriansyah', '18TIA3', 0, '', 'Muhammad Rizki Febriansyah. Menjabat sebagai anggota HMP TI UDB periode 2021.', '', 0),
(180103121, 'pipin_yulanda@fikom.udb.ac.id', 'Pipin Yulanda', '18TIA2', 0, '', 'Pipin Yulanda. Menjabat sebagai anggota HMP TI UDB periode 2021.', '', 0),
(180103133, 'rifqi_firdausi@fikom.udb.ac.id', 'Rifqi Firdausi Arafadh', '18TIA4', 0, '', 'Rifqi Firdausi Arafadh. Menjabat sebagai anggota HMP TI UDB periode 2021.', '', 0),
(180103159, 'widi_dwi@fikom.udb.ac.id', 'Widi Dwi Nurcahyo', '18TIA3', 0, 'Whatsapp: 081226203761, Email: widibaka55@gmail.com, Github: https://github.com/widibaka', 'Saya Widi Dwi Nurcahyo, dari divisi Riset dan Teknologi HMPTI UDB. Makanan kesukaan saya adalah ice cream.', '180103159.jpg?1632128898', 0),
(180103167, 'yulidar_maulana@fikom.udb.ac.id', 'Yulidar Maulana Ivan Saputra', '18TIA1', 0, '', 'Yulidar Maulana Ivan Saputra. Menjabat sebagai anggota HMP TI UDB periode 2021.', '', 0),
(190103028, '190103028@fikom.udb.ac.id', 'Very Fitri Anto', '19TIA1', 0, '', 'Very Fitri Anto. Menjabat sebagai anggota HMP TI UDB periode 2021.', '', 0),
(190103060, '190103060@fikom.udb.ac.id', 'Wahyu Wijaya', '19TIA2', 0, 'Email: wahyuw1j4@gmail.com, Whatsapp : 081225404589', 'Lorem ipsum dolor sit amet consectetur adipisicing elit. Delectus, repellat soluta perferendis obcaecati corporis modi eius nostrum id dolor minima. Molestiae explicabo quia qui quo corrupti quidem ducimus eius reiciendis labore, fugit natus, quam voluptate, error voluptatum facere nam! Nulla nam reiciendis tempore quaerat minus doloribus numquam nostrum consequatur labore.', '190103060.png?1662297931', 0),
(190103117, '190103117@fikom.udb.ac.id', 'Risma Adisty Nilasari', '19TIA4', 0, '', 'Risma Adisty Nilasari. Menjabat sebagai anggota HMP TI UDB periode 2021.', '', 0),
(190103161, '190103161@fikom.udb.ac.id', 'Ikhsan Nur Afif', '19TIA4', 0, '', 'Ikhsan Nur Afif. Menjabat sebagai anggota HMP TI UDB periode 2021.', '', 0),
(190103168, '190103168@fikom.udb.ac.id', 'Rio Suryo Laksono', '19TIA4', 0, '', 'Rio Suryo Laksono. Menjabat sebagai  Ketua HMP TI UDB periode 2021/2022.', '190103168.png?1662297195', 0),
(200103001, 'hmpti@fikom.udb.ac.id', 'HMPTI', '18TIA1', 13, '08577777777', 'Akun Resmi UDB Untuk Devops dan untuk acara resmi udb', '', 1),
(200103018, '202020430@mhs.udb.ac.id', 'Ramadhan Qodri Hardiyansyah', 'TI20A1', 22, '', 'Sebagai anggota devisi Minat dan Bakat periode 2021/2022', '200103018.png?1662298325', 1),
(200103026, '202030334@mhs.udb.ac.id', 'Yahya Aliya Rohim', '20TIA1', 0, '', 'Yahya Aliya Rohim. Menjabat sebagai anggota HMP TI UDB periode 2021.', '', 0),
(200103034, '202040241@mhs.udb.ac.id', 'Bagus Erwanto', 'TI20A2', 12, '', 'Anggota divisi Riset dan Teknologi periode 2021/2022', '200103034.png?1662299497', 1),
(200103058, '202020270@mhs.udb.ac.id', 'Ahmad Alif Apriyanto', '20TIA3', 18, '', 'Ahmad Alif Apriyanto. Menjabat sebagai Koordinator  HMP TI UDB periode 2021.', '200103058.jpg?1662297243', 1),
(200103063, '202030119@mhs.udb.ac.id', 'Cahya Dwi Setiawan', '20TIA3', 0, '', 'Sebagai anggota divisi Minat dan Bakat periode 2021/2022', '200103063.png?1662298247', 0),
(200103071, '202020161@mhs.udb.ac.id', 'Joko Susanto', 'TI20A3', 0, '', 'Sebagai anggota  divisi Minat  dan  Bakat  periode  2021/2022', '200103071.png?1662298295', 0),
(200103076, '202020602@mhs.udb.ac.id', 'Nurbagus Saputra', 'TI20A3', 18, '', 'Sebagai anggota devisi Minat dan Bakat periode 2021/2022', '200103076.png?1662298226', 1),
(200103091, '202030275@mhs.udb.ac.id', 'Dika Adi Pratama', '20TIA4', 16, 'Email: dikaadi482@gmail.com, Instagram: dhikha_pratamaa', 'Dika Adi Pratama. Menjabat sebagai anggota HMP TI UDB periode 2021.', '200103091.jpg?1662291501', 1),
(200103096, '202040242@mhs.udb.ac.id', 'Fandi Aziz Pratama', '20TIA4', 13, '', 'Merupakan Anggota divisi Minat dan Bakat 2021/2022', '200103096.jpg?1662288614', 1),
(200103097, '202020685@mhs.udb.ac.id', 'Fitroh Ahmad Abdul Aziz', '20TIA4', 15, '', 'Fitroh Ahmad Abdul Aziz. Menjabat sebagai anggota HMP TI UDB periode 2021.', '200103097.jpg?1677325809', 1),
(200103100, '202030247@mhs.udb.ac.id', 'Jofan Fathurahman', 'TI20A4', 11, 'Ig: Jofan_26', 'Ketua HMPTI Tahun 2022/2023', '200103100.jpg?1662290633', 1),
(200103104, '202030299@mhs.udb.ac.id', 'Muhammad Nur Ikhsanuddin', '20TIA4', 14, '@nr.ikhsann', 'Wakil Ketua HMPTI 2022/2023', '200103104.jpg?1662214688', 1),
(200103114, '202030304@mhs.udb.ac.id', 'Wihan Prakasa Nugraha', 'TI20A4', 17, '', 'Merupakan \r\nAnggota  divisi Minat  dan   Bakat  periode  2021/2021', '200103114.jpg?1662297462', 1),
(200103126, '202021050@mhs.udb.ac.id', 'Hasim Azari', '20TIA3', 16, '', 'Anggota Devisi Media dan Informasi periode 2021/2022', '200103126.png?1662297445', 1),
(200103190, '202021210@mhs.udb.ac.id', 'Asa Dilla Safitri', 'TI20A3', 19, '', 'Menjabat sebagai sekretaris kegiatan periode 2021/2022', '200103190.png?1662297894', 1),
(200103191, '202021110@mhs.udb.ac.id', 'Atik Sulami', '20TIA3', 20, '', 'Lorem ipsum dolor sit amet, consectetur adipisicing elit. Reiciendis iusto corporis ipsam optio adipisci dolorum, odio minima? Expedita qui ratione explicabo iste voluptate, quae perspiciatis laboriosam quisquam, ducimus reiciendis repudiandae?', '200103191.png?1662298560', 1),
(200103196, '202030335@mhs.udb.ac.id', 'Jamilatun Safitri', '20TIA3', 19, '', 'Jamilatun Safitri. Menjabat sebagai anggota HMP TI UDB periode 2021.', '200103196.png?1662297913', 1),
(200103200, '202030337@mhs.udb.ac.id', 'Lola Sekar Arum', 'TI20A5', 16, '', 'Anggota devisi Media dan Informasi periode 2021/2022', '200103200.png?1662297399', 1),
(200103201, '202020870@mhs.udb.ac.id', 'Meraldy Fiko Rastio Ajie', 'TI20A5', 16, '', 'Anggota divisi Media dan Informasi periode 2021/2022', '200103201.jpg?1662289762', 1),
(200103208, '200103208@udb.ac.id', 'Esti Dwi Agustin', 'TI20A3', 0, '', 'Anggota Devisi Media dan Informasi periode 2021/2022', '200103208.png?1662297711', 0),
(202021173, '202021173@mhs.udb.ac.id', 'Bagas Muttaqi', 'TI20A5', 16, '', 'Anggota Divisi Media dan Informasi periode 2021/2022', '202021173.png?1662297424', 1),
(210103012, '210103012@mhs.udb.ac.id', 'Citra Indah Bunga Ramadhan', 'TI21A1', 0, '', 'Lorem ipsum dolor sit amet, consectetur adipisicing elit. Reiciendis iusto corporis ipsam optio adipisci dolorum, odio minima? Expedita qui ratione explicabo iste voluptate, quae perspiciatis laboriosam quisquam, ducimus reiciendis repudiandae?', '210103012.jpeg?1662294119', 0),
(210103025, '210103025@mhs.udb.ac.id', 'Muhammad Alvian Bagus Prastya', 'TI21A1', 0, 'IG : _Alvi.an', 'Sebagai anggota devisi Minat dan Bakat periode 2021/2022', '210103025.png?1662298583', 0),
(210103083, '210103083@mhs.udb.ac.id', 'Tiara Indrayani', 'TI21A3', 20, '', 'Lorem ipsum dolor sit amet, consectetur adipisicing elit. Reiciendis iusto corporis ipsam optio adipisci dolorum, odio minima? Expedita qui ratione explicabo iste voluptate, quae perspiciatis laboriosam quisquam, ducimus reiciendis repudiandae?', '210103083.png?1662298540', 1),
(220103212, 'rizalu065@gmail.com', 'Rizal yudha pratama', 'TI22A7', 18, '', 'Merupakan Anggota divisi Minat dan Bakat 2022/2023..........................', '220103212.jpg?1677399404', 1);

-- --------------------------------------------------------

--
-- Struktur dari tabel `h_member_login_log`
--

CREATE TABLE `h_member_login_log` (
  `id` int(255) NOT NULL,
  `nama` varchar(255) NOT NULL DEFAULT '0',
  `time` int(20) NOT NULL DEFAULT 0
) ENGINE=InnoDB DEFAULT CHARSET=utf8mb4 COLLATE=utf8mb4_general_ci;

--
-- Dumping data untuk tabel `h_member_login_log`
--

INSERT INTO `h_member_login_log` (`id`, `nama`, `time`) VALUES
(59, 'WIDI DWI NURCAHYO', 1631785253),
(60, 'ANDREAS ABI PERMANA', 1631857560),
(61, 'WIDI DWI NURCAHYO', 1631890152),
(62, 'WIDI DWI NURCAHYO', 1631936556),
(63, 'WIDI DWI NURCAHYO', 1631961801),
(64, 'WIDI DWI NURCAHYO', 1631961920),
(65, 'WIDI DWI NURCAHYO', 1632006296),
(66, 'WIDI DWI NURCAHYO', 1632128392),
(67, 'WIDI DWI NURCAHYO', 1632128875),
(68, 'RIO SURYO LAKSONO', 1632131811),
(69, 'WIDI DWI NURCAHYO', 1632534698),
(70, 'WIDI DWI NURCAHYO', 1632658715),
(71, 'Fitroh Ahmad Abdul Aziz', 1632740285),
(72, 'ANDREAS ABI PERMANA', 1632826127),
(73, 'WIDI DWI NURCAHYO', 1632829488),
(74, 'WIDI DWI NURCAHYO', 1632907177),
(75, 'Fitroh Ahmad Abdul Aziz', 1633005259),
(76, 'WIDI DWI NURCAHYO', 1633065211),
(77, 'Fitroh Ahmad Abdul Aziz', 1633330157),
(78, 'RISMA ADISTY NILASARI', 1633330768),
(79, 'Fitroh Ahmad Abdul Aziz', 1633335496),
(80, 'Fitroh Ahmad Abdul Aziz', 1633335585),
(81, 'WIDI DWI NURCAHYO', 1633341775),
(82, 'Fitroh Ahmad Abdul Aziz', 1633344529),
(83, 'RISMA ADISTY NILASARI', 1633347155),
(84, 'RISMA ADISTY NILASARI', 1633347188),
(85, 'WIDI DWI NURCAHYO', 1633352042),
(86, 'Risma Adisty Nilasari', 1633352341),
(87, 'Fitroh Ahmad Abdul Aziz', 1633354663),
(88, 'ANDREAS ABI PERMANA', 1633355918),
(89, 'Fitroh Ahmad Abdul Aziz', 1633356000),
(90, 'WIDI DWI NURCAHYO', 1633359685),
(91, 'RISMA ADISTY NILASARI', 1633388946),
(92, 'Fitroh Ahmad Abdul Aziz', 1633390815),
(93, 'RISMA ADISTY NILASARI', 1633403120),
(94, 'Yahya Aliya Rohim', 1633404785),
(95, 'RIFQI FIRDAUSI ARAFADH', 1633405413),
(96, 'Fitroh Ahmad Abdul Aziz', 1633406062),
(97, 'MATIN MUHITH', 1633408792),
(98, 'Risma Adisty Nilasari', 1633413582),
(99, 'WIDI DWI NURCAHYO', 1633419658),
(100, 'ANDREAS ABI PERMANA', 1633428241),
(101, 'WIDI DWI NURCAHYO', 1633439183),
(102, 'RIFQI FIRDAUSI ARAFADH', 1633441186),
(103, 'MATIN MUHITH', 1633441734),
(104, 'WIDI DWI NURCAHYO', 1633449033),
(105, 'RIFQI FIRDAUSI ARAFADH', 1633453187),
(106, 'RIFQI FIRDAUSI ARAFADH', 1633474411),
(107, 'RIFQI FIRDAUSI ARAFADH', 1633483163),
(108, 'Fitroh Ahmad Abdul Aziz', 1633483628),
(109, 'RISMA ADISTY NILASARI', 1633485947),
(110, 'MATIN MUHITH', 1633494814),
(111, 'Fitroh Ahmad Abdul Aziz', 1633498268),
(112, 'RIFQI FIRDAUSI ARAFADH', 1633498685),
(113, 'RIFQI FIRDAUSI ARAFADH', 1633500333),
(114, 'WIDI DWI NURCAHYO', 1633502907),
(115, 'RIO SURYO LAKSONO', 1633508032),
(116, 'RIFQI FIRDAUSI ARAFADH', 1633514788),
(117, 'Fitroh Ahmad Abdul Aziz', 1633519254),
(118, 'WIDI DWI NURCAHYO', 1633520715),
(119, 'Dika Adi Pratama', 1633520845),
(120, 'RISMA ADISTY NILASARI', 1633525990),
(121, 'RIFQI FIRDAUSI ARAFADH', 1633528094),
(122, 'WIDI DWI NURCAHYO', 1633535611),
(123, 'RIFQI FIRDAUSI ARAFADH', 1633538225),
(124, 'WIDI DWI NURCAHYO', 1633551204),
(125, 'Fitroh Ahmad Abdul Aziz', 1633562919),
(126, 'RIFQI FIRDAUSI ARAFADH', 1633570055),
(127, 'WIDI DWI NURCAHYO', 1633573527),
(128, 'RIFQI FIRDAUSI ARAFADH', 1633575276),
(129, 'Fitroh Ahmad Abdul Aziz', 1633583990),
(130, 'Dika Adi Pratama', 1633590665),
(131, 'RIFQI FIRDAUSI ARAFADH', 1633592027),
(132, 'WIDI DWI NURCAHYO', 1633592182),
(133, 'YULIDAR MAULANA IVAN SAPUTRA', 1633598970),
(134, 'Fitroh Ahmad Abdul Aziz', 1633600532),
(135, 'Fitroh Ahmad Abdul Aziz', 1633600948),
(136, 'RIO SURYO LAKSONO', 1633604426),
(137, 'MATIN MUHITH', 1633605649),
(138, 'RIFQI FIRDAUSI ARAFADH', 1633610597),
(139, 'WIDI DWI NURCAHYO', 1633612798),
(140, 'WIDI DWI NURCAHYO', 1633613073),
(141, 'Dika Adi Pratama', 1633613106),
(142, 'PIPIN YULANDA', 1633620187),
(143, 'WIDI DWI NURCAHYO', 1633622611),
(144, 'RIFQI FIRDAUSI ARAFADH', 1633646234),
(145, 'Dika Adi Pratama', 1633654655),
(146, 'Fitroh Ahmad Abdul Aziz', 1633656583),
(147, 'WIDI DWI NURCAHYO', 1633658982),
(148, 'RIFQI FIRDAUSI ARAFADH', 1633662125),
(149, 'PIPIN YULANDA', 1633665462),
(150, 'RIO SURYO LAKSONO', 1633665877),
(151, 'RIFQI FIRDAUSI ARAFADH', 1633666490),
(152, 'RIFQI FIRDAUSI ARAFADH', 1633671071),
(153, 'RIFQI FIRDAUSI ARAFADH', 1633674318),
(154, 'Dika Adi Pratama', 1633682327),
(155, 'YULIDAR MAULANA IVAN SAPUTRA', 1633686425),
(156, 'RIFQI FIRDAUSI ARAFADH', 1633686723),
(157, 'Dika Adi Pratama', 1633687603),
(158, 'RISMA ADISTY NILASARI', 1633687871),
(159, 'Fitroh Ahmad Abdul Aziz', 1633688829),
(160, 'ANDREAS ABI PERMANA', 1633692021),
(161, 'Dika Adi Pratama', 1633695601),
(162, 'PIPIN YULANDA', 1633700532),
(163, 'MATIN MUHITH', 1633701627),
(164, 'ANDREAS ABI PERMANA', 1633706900),
(165, 'RIFQI FIRDAUSI ARAFADH', 1633735335),
(166, 'ANDREAS ABI PERMANA', 1633736075),
(167, 'WIDI DWI NURCAHYO', 1633736621),
(168, 'Dika Adi Pratama', 1633739041),
(169, 'RIFQI FIRDAUSI ARAFADH', 1633743892),
(170, 'WIDI DWI NURCAHYO', 1633744185),
(171, 'RISMA ADISTY NILASARI', 1633744826),
(172, 'WIDI DWI NURCAHYO', 1633745471),
(173, 'PIPIN YULANDA', 1633748439),
(174, 'Fitroh Ahmad Abdul Aziz', 1633753891),
(175, 'WIDI DWI NURCAHYO', 1633754929),
(176, 'RIFQI FIRDAUSI ARAFADH', 1633755178),
(177, 'RISMA ADISTY NILASARI', 1633755274),
(178, 'AHMAD ALIF APRIYANTO', 1633755404),
(179, 'WIDI DWI NURCAHYO', 1633756229),
(180, 'WIDI DWI NURCAHYO', 1633756454),
(181, 'WIDI DWI NURCAHYO', 1633758870),
(182, 'WIDI DWI NURCAHYO', 1633760284),
(183, 'ANDREAS ABI PERMANA', 1633765684),
(184, 'WIDI DWI NURCAHYO', 1633782879),
(185, 'Fitroh Ahmad Abdul Aziz', 1633783830),
(186, 'ANDREAS ABI PERMANA', 1633789563),
(187, 'RIO SURYO LAKSONO', 1633871013),
(188, 'Jamilatun Safitri', 1633922112),
(189, 'Fitroh Ahmad Abdul Aziz', 1633924171),
(190, 'ANDREAS ABI PERMANA', 1633951753),
(191, 'ANDREAS ABI PERMANA', 1634045708),
(192, 'WIDI DWI NURCAHYO', 1634046119),
(193, 'WIDI DWI NURCAHYO', 1634105431),
(194, 'Fitroh Ahmad Abdul Aziz', 1634120183),
(195, 'ANDREAS ABI PERMANA', 1634131683),
(196, 'WIDI DWI NURCAHYO', 1634133810),
(197, 'Dika Adi Pratama', 1634136082),
(198, 'YULIDAR MAULANA IVAN SAPUTRA', 1634187426),
(199, 'ANDREAS ABI PERMANA', 1634271141),
(200, 'Dika Adi Pratama', 1634298339),
(201, 'Fitroh Ahmad Abdul Aziz', 1634298729),
(202, 'RISMA ADISTY NILASARI', 1634299453),
(203, 'RIO SURYO LAKSONO', 1634300157),
(204, 'WIDI DWI NURCAHYO', 1634300992),
(205, 'WIDI DWI NURCAHYO', 1634301462),
(206, 'ANDREAS ABI PERMANA', 1634302423),
(207, 'Fitroh Ahmad Abdul Aziz', 1634344086),
(208, 'ANDREAS ABI PERMANA', 1634349627),
(209, 'WIDI DWI NURCAHYO', 1634354118),
(210, 'WIDI DWI NURCAHYO', 1634357784),
(211, 'WIDI DWI NURCAHYO', 1634360143),
(212, 'RIO SURYO LAKSONO', 1634438541),
(213, 'WIDI DWI NURCAHYO', 1634456719),
(214, 'PIPIN YULANDA', 1634542660),
(215, 'RIO SURYO LAKSONO', 1634891415),
(216, 'WIDI DWI NURCAHYO', 1635135442),
(217, 'ANDREAS ABI PERMANA', 1635135953),
(218, 'ANDREAS ABI PERMANA', 1635241401),
(219, 'WIDI DWI NURCAHYO', 1635249763),
(220, 'ANDREAS ABI PERMANA', 1635250975),
(221, 'RIFQI FIRDAUSI ARAFADH', 1635252752),
(222, 'PIPIN YULANDA', 1635266060),
(223, 'RIFQI FIRDAUSI ARAFADH', 1635297056),
(224, 'ANDREAS ABI PERMANA', 1635304957),
(225, 'RIFQI FIRDAUSI ARAFADH', 1635308655),
(226, 'WIDI DWI NURCAHYO', 1635343616),
(227, 'RIFQI FIRDAUSI ARAFADH', 1635348943),
(228, 'RIFQI FIRDAUSI ARAFADH', 1635422977),
(229, 'WIDI DWI NURCAHYO', 1635428587),
(230, 'WIDI DWI NURCAHYO', 1635431637),
(231, 'Jamilatun Safitri', 1635503472),
(232, 'RIFQI FIRDAUSI ARAFADH', 1635504127),
(233, 'WIDI DWI NURCAHYO', 1635505628),
(234, 'RISMA ADISTY NILASARI', 1635514778),
(235, 'RIO SURYO LAKSONO', 1636004589),
(236, 'RIO SURYO LAKSONO', 1636474738),
(237, 'RIFQI FIRDAUSI ARAFADH', 1637043249),
(238, 'Dika Adi Pratama', 1637045526),
(239, 'RIFQI FIRDAUSI ARAFADH', 1637130819),
(240, 'RIFQI FIRDAUSI ARAFADH', 1637131662),
(241, 'WIDI DWI NURCAHYO', 1637134724),
(242, 'Jamilatun Safitri', 1637135766),
(243, 'RIFQI FIRDAUSI ARAFADH', 1637209749),
(244, 'RIFQI FIRDAUSI ARAFADH', 1637380413),
(245, 'RIFQI FIRDAUSI ARAFADH', 1637504304),
(246, 'RIFQI FIRDAUSI ARAFADH', 1637562253),
(247, 'RIFQI FIRDAUSI ARAFADH', 1637640082),
(248, 'WIDI DWI NURCAHYO', 1637723099),
(249, 'WIDI DWI NURCAHYO', 1637767499),
(250, 'Dika Adi Pratama', 1638007817),
(251, 'WIDI DWI NURCAHYO', 1638027491),
(252, 'RIO SURYO LAKSONO', 1638034996),
(253, 'Dika Adi Pratama', 1638254408),
(254, 'RIFQI FIRDAUSI ARAFADH', 1638429201),
(255, 'Dika Adi Pratama', 1638765709),
(256, 'RIO SURYO LAKSONO', 1638845071),
(257, 'WIDI DWI NURCAHYO', 1639804094),
(258, 'WAHYU WIJAYA', 1639808563),
(259, 'Risma Adisty Nilasari', 1639810661),
(260, 'WAHYU WIJAYA', 1639936172),
(261, 'WAHYU WIJAYA', 1639991038),
(262, 'WAHYU WIJAYA', 1640071298),
(263, 'WAHYU WIJAYA', 1640095669),
(264, 'WAHYU WIJAYA', 1640235015),
(265, 'WAHYU WIJAYA', 1640315288),
(266, 'WAHYU WIJAYA', 1640416102),
(267, 'MUH ALVIAN BAGUS PRASTYA', 1640419352),
(268, 'WAHYU WIJAYA', 1640437615),
(269, 'WAHYU WIJAYA', 1640505009),
(270, 'WAHYU WIJAYA', 1640697855),
(271, 'ANDREAS ABI PERMANA', 1641129222),
(272, 'Dika Adi Pratama', 1641481915),
(273, 'WAHYU WIJAYA', 1641802876),
(274, 'WAHYU WIJAYA', 1642775359),
(275, 'Fitroh Ahmad Abdul Aziz', 1642780967),
(276, 'Fitroh Ahmad Abdul Aziz', 1642989529),
(277, 'Fitroh Ahmad Abdul Aziz', 1642999467),
(278, 'WAHYU WIJAYA', 1643004988),
(279, 'Fitroh Ahmad Abdul Aziz', 1643019917),
(280, 'Fitroh Ahmad Abdul Aziz', 1643130467),
(281, 'Wihan Perkasa Nugraha Putra', 1643158431),
(282, 'Fitroh Ahmad Abdul Aziz', 1643172059),
(283, 'WAHYU WIJAYA', 1643172853),
(284, 'RIO SURYO LAKSONO', 1643177050),
(285, 'WAHYU WIJAYA', 1643183830),
(286, 'WIDI DWI NURCAHYO', 1643183989),
(287, 'WAHYU WIJAYA', 1643184362),
(288, 'JOFAN FATHURAHMAN 2020', 1643184502),
(289, 'Fitroh Ahmad Abdul Aziz', 1643185030),
(290, 'JOFAN FATHURAHMAN 2020', 1643190897),
(291, 'RISMA ADISTY NILASARI', 1643192154),
(292, 'Atik Sulami', 1643195869),
(293, 'Fitroh Ahmad Abdul Aziz', 1643197281),
(294, 'JOFAN FATHURAHMAN 2020', 1643199458),
(295, 'Muhammad Nur Ikhsanuddin', 1643199642),
(296, 'Meraldy Fiko Rastio Ajie', 1643201237),
(297, 'Dika Adi Pratama', 1643201747),
(298, 'WAHYU WIJAYA', 1643201838),
(299, 'JOFAN FATHURAHMAN 2020', 1643203175),
(300, 'JOFAN FATHURAHMAN 2020', 1643213334),
(301, 'JOFAN FATHURAHMAN 2020', 1643216541),
(302, 'JOFAN FATHURAHMAN 2020', 1643217893),
(303, 'JOFAN FATHURAHMAN 2020', 1643218611),
(304, 'Widi Dwi Nurcahyo', 1643220033),
(305, 'FANDI AZIZ PRATAMA', 1643235995),
(306, 'JOFAN FATHURAHMAN 2020', 1643245823),
(307, 'FANDI AZIZ PRATAMA', 1643246124),
(308, 'Atik Sulami', 1643246709),
(309, 'Fitroh Ahmad Abdul Aziz', 1643249190),
(310, 'JOFAN FATHURAHMAN 2020', 1643254017),
(311, 'Ramadhan Qodri Hardiansyah', 1643256470),
(312, 'JOFAN FATHURAHMAN 2020', 1643258078),
(313, 'Fitroh Ahmad Abdul Aziz', 1643277916),
(314, 'JOFAN FATHURAHMAN 2020', 1643279279),
(315, 'JOFAN FATHURAHMAN 2020', 1643281044),
(316, 'Hasim Azari', 1643281328),
(317, 'JOKO SUSANTO', 1643282679),
(318, 'MUH ALVIAN BAGUS PRASTYA', 1643291678),
(319, 'Muhammad Nur Ikhsanuddin', 1643304948),
(320, 'FANDI AZIZ PRATAMA', 1643330078),
(321, 'JOFAN FATHURAHMAN 2020', 1643332852),
(322, 'MUH ALVIAN BAGUS PRASTYA', 1643335169),
(323, 'JOFAN FATHURAHMAN 2020', 1643358930),
(324, 'Muhammad Nur Ikhsanuddin', 1643359161),
(325, 'MUH ALVIAN BAGUS PRASTYA', 1643360815),
(326, 'AHMAD ALIF APRIYANTO', 1643372075),
(327, 'JOFAN FATHURAHMAN 2020', 1643377310),
(328, 'Wihan Perkasa Nugraha Putra', 1643377446),
(329, 'Muhammad Nur Ikhsanuddin', 1643378216),
(330, 'RIO SURYO LAKSONO', 1643378223),
(331, 'Atik Sulami', 1643378302),
(332, 'JOFAN FATHURAHMAN 2020', 1643382494),
(333, 'WAHYU WIJAYA', 1643382703),
(334, 'WIDI DWI NURCAHYO', 1643383314),
(335, 'Muhammad Nur Ikhsanuddin', 1643393315),
(336, 'Muhammad Nur Ikhsanuddin', 1643393686),
(337, 'Muhammad Nur Ikhsanuddin', 1643393903),
(338, 'JOFAN FATHURAHMAN 2020', 1643406473),
(339, 'AHMAD ALIF APRIYANTO', 1643426556),
(340, 'JOFAN FATHURAHMAN 2020', 1643462856),
(341, 'Fitroh Ahmad Abdul Aziz', 1643530330),
(342, 'Fitroh Ahmad Abdul Aziz', 1643720755),
(343, 'NURBAGUS SAPUTRO 2020', 1643720784),
(344, 'WAHYU WIJAYA', 1643720817),
(345, 'JOFAN FATHURAHMAN 2020', 1643794317),
(346, 'Atik Sulami', 1643851145),
(347, 'RIO SURYO LAKSONO', 1643901022),
(348, 'FANDI AZIZ PRATAMA', 1644217437),
(349, 'RIO SURYO LAKSONO', 1644296974),
(350, 'WAHYU WIJAYA', 1644762550),
(351, 'CAHYA DWI SETIYAWAN', 1644762970),
(352, 'WAHYU WIJAYA', 1644765602),
(353, 'Fitroh Ahmad Abdul Aziz', 1644894312),
(354, 'Fitroh Ahmad Abdul Aziz', 1644932326),
(355, 'CAHYA DWI SETIYAWAN', 1644978206),
(356, 'FANDI AZIZ PRATAMA', 1644978725),
(357, 'CAHYA DWI SETIYAWAN', 1645015274),
(358, 'FANDI AZIZ PRATAMA', 1645279057),
(359, 'WAHYU WIJAYA', 1645332715),
(360, 'WAHYU WIJAYA', 1645357635),
(361, 'Fitroh Ahmad Abdul Aziz', 1645358945),
(362, 'FANDI AZIZ PRATAMA', 1645506753),
(363, 'PIPIN YULANDA', 1645507989),
(364, 'Fitroh Ahmad Abdul Aziz', 1645509731),
(365, 'FANDI AZIZ PRATAMA', 1645509747),
(366, 'Fitroh Ahmad Abdul Aziz', 1645509856),
(367, 'FANDI AZIZ PRATAMA', 1645511305),
(368, 'YULIDAR MAULANA IVAN SAPUTRA', 1645521211),
(369, 'Fitroh Ahmad Abdul Aziz', 1645532590),
(370, 'Hasim Azari', 1645579102),
(371, 'Fitroh Ahmad Abdul Aziz', 1645586279),
(372, 'FANDI AZIZ PRATAMA', 1645597307),
(373, 'FANDI AZIZ PRATAMA', 1645605827),
(374, 'WAHYU WIJAYA', 1645617071),
(375, 'Fitroh Ahmad Abdul Aziz', 1645621127),
(376, 'FANDI AZIZ PRATAMA', 1645686930),
(377, 'Wihan Perkasa Nugraha Putra', 1645687182),
(378, 'Hasim Azari', 1645687669),
(379, 'Atik Sulami', 1645688383),
(380, 'Fitroh Ahmad Abdul Aziz', 1645688430),
(381, 'WAHYU WIJAYA', 1645689825),
(382, 'Ramadhan Qodri Hardiansyah', 1645695529),
(383, 'RIFQI FIRDAUSI ARAFADH', 1645695793),
(384, 'WAHYU WIJAYA', 1645697169),
(385, 'CAHYA DWI SETIYAWAN', 1645758252),
(386, 'WAHYU WIJAYA', 1645782353),
(387, 'FANDI AZIZ PRATAMA', 1645786827),
(388, 'WAHYU WIJAYA', 1645791366),
(389, 'FANDI AZIZ PRATAMA', 1645796294),
(390, 'JOFAN FATHURAHMAN 2020', 1645796432),
(391, 'Hasim Azari', 1645836619),
(392, 'RIO SURYO LAKSONO', 1645844161),
(393, 'FANDI AZIZ PRATAMA', 1645859754),
(394, 'Fitroh Ahmad Abdul Aziz', 1645861375),
(395, 'RIO SURYO LAKSONO', 1645867425),
(396, 'MUH ALVIAN BAGUS PRASTYA', 1645868393),
(397, 'FANDI AZIZ PRATAMA', 1645885042),
(398, 'JOFAN FATHURAHMAN 2020', 1645887148),
(399, 'RIO SURYO LAKSONO', 1645888680),
(400, 'RIO SURYO LAKSONO', 1645922920),
(401, 'Hasim Azari', 1645944774),
(402, 'Wihan Perkasa Nugraha Putra', 1645976902),
(403, 'RIO SURYO LAKSONO', 1645980899),
(404, 'YULIDAR MAULANA IVAN SAPUTRA', 1646005851),
(405, 'Hasim Azari', 1646006797),
(406, 'Dika Adi Pratama', 1646019960),
(407, 'JOFAN FATHURAHMAN 2020', 1646027718),
(408, 'JOFAN FATHURAHMAN 2020', 1646038823),
(409, 'WAHYU WIJAYA', 1646045195),
(410, 'RIO SURYO LAKSONO', 1646051041),
(411, 'Muhammad Nur Ikhsanuddin', 1646052038),
(412, 'Fitroh Ahmad Abdul Aziz', 1646054448),
(413, 'Hasim Azari', 1646054562),
(414, 'Muhammad Nur Ikhsanuddin', 1646055787),
(415, 'RIO SURYO LAKSONO', 1646102970),
(416, 'RIFQI FIRDAUSI ARAFADH', 1646103098),
(417, 'YULIDAR MAULANA IVAN SAPUTRA', 1646104370),
(418, 'Fitroh Ahmad Abdul Aziz', 1646106534),
(419, 'JOFAN FATHURAHMAN 2020', 1646110615),
(420, 'Dika Adi Pratama', 1646140591),
(421, 'JOFAN FATHURAHMAN 2020', 1646146341),
(422, 'Fitroh Ahmad Abdul Aziz', 1646185017),
(423, 'Muhammad Nur Ikhsanuddin', 1646186846),
(424, 'Hasim Azari', 1646186854),
(425, 'FANDI AZIZ PRATAMA', 1646187243),
(426, 'RIO SURYO LAKSONO', 1646200290),
(427, 'Hasim Azari', 1646204823),
(428, 'RIO SURYO LAKSONO', 1646225089),
(429, 'Dika Adi Pratama', 1646226867),
(430, 'Fitroh Ahmad Abdul Aziz', 1646230759),
(431, 'Muhammad Nur Ikhsanuddin', 1646231474),
(432, 'FANDI AZIZ PRATAMA', 1646233727),
(433, 'RIO SURYO LAKSONO', 1646242575),
(434, 'RIO SURYO LAKSONO', 1646265553),
(435, 'Fitroh Ahmad Abdul Aziz', 1646268720),
(436, 'Fitroh Ahmad Abdul Aziz', 1646278331),
(437, 'Hasim Azari', 1646280348),
(438, 'RIO SURYO LAKSONO', 1646282140),
(439, 'Dika Adi Pratama', 1646285605),
(440, 'Fitroh Ahmad Abdul Aziz', 1646290315),
(441, 'JOFAN FATHURAHMAN 2020', 1646298611),
(442, 'JOKO SUSANTO', 1646299621),
(443, 'RIO SURYO LAKSONO', 1646307610),
(444, 'JOFAN FATHURAHMAN 2020', 1646308417),
(445, 'FANDI AZIZ PRATAMA', 1646309424),
(446, 'Wihan Perkasa Nugraha Putra', 1646312747),
(447, 'Muhammad Nur Ikhsanuddin', 1646313046),
(448, 'FANDI AZIZ PRATAMA', 1646313054),
(449, 'Atik Sulami', 1646313775),
(450, 'FANDI AZIZ PRATAMA', 1646314543),
(451, 'FANDI AZIZ PRATAMA', 1646314611),
(452, 'RIO SURYO LAKSONO', 1646322483),
(453, 'RIO SURYO LAKSONO', 1646332828),
(454, 'MATIN MUHITH', 1646343237),
(455, 'RIO SURYO LAKSONO', 1646356892),
(456, 'WAHYU WIJAYA', 1646356969),
(457, 'RIO SURYO LAKSONO', 1646367494),
(458, 'RIO SURYO LAKSONO', 1646375157),
(459, 'Fitroh Ahmad Abdul Aziz', 1646382789),
(460, 'JOFAN FATHURAHMAN 2020', 1646382901),
(461, 'RIO SURYO LAKSONO', 1646388650),
(462, 'RIO SURYO LAKSONO', 1646398832),
(463, 'Atik Sulami', 1646400064),
(464, 'RIO SURYO LAKSONO', 1646410715),
(465, 'RIO SURYO LAKSONO', 1646425116),
(466, 'RIO SURYO LAKSONO', 1646439966),
(467, 'FANDI AZIZ PRATAMA', 1646442247),
(468, 'RIO SURYO LAKSONO', 1646454561),
(469, 'Muhammad Nur Ikhsanuddin', 1646462168),
(470, 'Ramadhan Qodri Hardiansyah', 1646462191),
(471, 'RIO SURYO LAKSONO', 1646463460),
(472, 'Hasim Azari', 1646464037),
(473, 'WAHYU WIJAYA', 1646464491),
(474, 'Dika Adi Pratama', 1646465890),
(475, 'Wihan Perkasa Nugraha Putra', 1646466009),
(476, 'MUH ALVIAN BAGUS PRASTYA', 1646475977),
(477, 'RIO SURYO LAKSONO', 1646476869),
(478, 'Fitroh Ahmad Abdul Aziz', 1646485131),
(479, 'Hasim Azari', 1646489220),
(480, 'JOFAN FATHURAHMAN 2020', 1646490744),
(481, 'Hasim Azari', 1646524072),
(482, 'RIO SURYO LAKSONO', 1646528433),
(483, 'FANDI AZIZ PRATAMA', 1646528860),
(484, 'RIFQI FIRDAUSI ARAFADH', 1646531871),
(485, 'Dika Adi Pratama', 1646539835),
(486, 'RIO SURYO LAKSONO', 1646546611),
(487, 'Hasim Azari', 1646549980),
(488, 'Muhammad Nur Ikhsanuddin', 1646564524),
(489, 'JOFAN FATHURAHMAN 2020', 1646567664),
(490, 'AHMAD ALIF APRIYANTO', 1646567874),
(491, 'RIO SURYO LAKSONO', 1646569550),
(492, 'Fitroh Ahmad Abdul Aziz', 1646575819),
(493, 'Hasim Azari', 1646609690),
(494, 'RIO SURYO LAKSONO', 1646612371),
(495, 'Hasim Azari', 1646620136),
(496, 'PIPIN YULANDA', 1646620249),
(497, 'RIO SURYO LAKSONO', 1646630471),
(498, 'Hasim Azari', 1646630814),
(499, 'RIO SURYO LAKSONO', 1646639149),
(500, 'Fitroh Ahmad Abdul Aziz', 1646639456),
(501, 'Hasim Azari', 1646641596),
(502, 'AHMAD ALIF APRIYANTO', 1646647596),
(503, 'RIO SURYO LAKSONO', 1646648016),
(504, 'RIO SURYO LAKSONO', 1646660177),
(505, 'Ramadhan Qodri Hardiansyah', 1646663371),
(506, 'Hasim Azari', 1646666709),
(507, 'Muhammad Nur Ikhsanuddin', 1646668831),
(508, 'RIO SURYO LAKSONO', 1646669676),
(509, 'JOFAN FATHURAHMAN 2020', 1646672187),
(510, 'Ramadhan Qodri Hardiansyah', 1646674270),
(511, 'Muhammad Nur Ikhsanuddin', 1646689605),
(512, 'Hasim Azari', 1646694319),
(513, 'AHMAD ALIF APRIYANTO', 1646695806),
(514, 'Hasim Azari', 1646708858),
(515, 'JOFAN FATHURAHMAN 2020', 1646716672),
(516, 'Hasim Azari', 1646721136),
(517, 'RIO SURYO LAKSONO', 1646726433),
(518, 'Hasim Azari', 1646732070),
(519, 'Fitroh Ahmad Abdul Aziz', 1646736804),
(520, 'RIO SURYO LAKSONO', 1646737739),
(521, 'Ramadhan Qodri Hardiansyah', 1646738434),
(522, 'Meraldy Fiko Rastio Ajie', 1646741018),
(523, 'AHMAD ALIF APRIYANTO', 1646746594),
(524, 'Muhammad Nur Ikhsanuddin', 1646746743),
(525, 'Hasim Azari', 1646749056),
(526, 'Ramadhan Qodri Hardiansyah', 1646757475),
(527, 'RIO SURYO LAKSONO', 1646784892),
(528, 'Hasim Azari', 1646786789),
(529, 'Hasim Azari', 1646795669),
(530, 'RIO SURYO LAKSONO', 1646800091),
(531, 'Hasim Azari', 1646819492),
(532, 'AHMAD ALIF APRIYANTO', 1646825448),
(533, 'RIO SURYO LAKSONO', 1646826348),
(534, 'FANDI AZIZ PRATAMA', 1646829006),
(535, 'Hasim Azari', 1646874220),
(536, 'TIARA INDRIYANI', 1646875492),
(537, 'RIO SURYO LAKSONO', 1646881257),
(538, 'Dika Adi Pratama', 1646887146),
(539, 'AHMAD ALIF APRIYANTO', 1646895260),
(540, 'Hasim Azari', 1646905645),
(541, 'Dika Adi Pratama', 1646908452),
(542, 'RIO SURYO LAKSONO', 1646909927),
(543, 'RIFQI FIRDAUSI ARAFADH', 1646922399),
(544, 'Dika Adi Pratama', 1646922800),
(545, 'RIO SURYO LAKSONO', 1646926218),
(546, 'Hasim Azari', 1646951942),
(547, 'RIO SURYO LAKSONO', 1646957725),
(548, 'RIO SURYO LAKSONO', 1646977028),
(549, 'RIO SURYO LAKSONO', 1646977288),
(550, 'JOFAN FATHURAHMAN 2020', 1646981240),
(551, 'AHMAD ALIF APRIYANTO', 1646989494),
(552, 'Dika Adi Pratama', 1646992508),
(553, 'RIO SURYO LAKSONO', 1646995388),
(554, 'Muhammad Nur Ikhsanuddin', 1646997016),
(555, 'JOFAN FATHURAHMAN 2020', 1646997402),
(556, 'Hasim Azari', 1647037655),
(557, 'Hasim Azari', 1647047065),
(558, 'Ramadhan Qodri Hardiansyah', 1647047180),
(559, 'AHMAD ALIF APRIYANTO', 1647053295),
(560, 'WAHYU WIJAYA', 1647054198),
(561, 'WAHYU WIJAYA', 1647054510),
(562, 'JOKO SUSANTO', 1647054586),
(563, 'Wihan Perkasa Nugraha Putra', 1647054693),
(564, 'Fitroh Ahmad Abdul Aziz', 1647054910),
(565, 'JOFAN FATHURAHMAN 2020', 1647055176),
(566, 'NURBAGUS SAPUTRO 2020', 1647055603),
(567, 'YULIDAR MAULANA IVAN SAPUTRA', 1647056710),
(568, 'RIO SURYO LAKSONO', 1647056740),
(569, 'Meraldy Fiko Rastio Ajie', 1647056850),
(570, 'TIARA INDRIYANI', 1647057243),
(571, 'PIPIN YULANDA', 1647057425),
(572, 'Fitroh Ahmad Abdul Aziz', 1647057503),
(573, 'FANDI AZIZ PRATAMA', 1647057764),
(574, 'JOFAN FATHURAHMAN 2020', 1647059934),
(575, 'Muhammad Nur Ikhsanuddin', 1647062664),
(576, 'Muhammad Nur Ikhsanuddin', 1647062713),
(577, 'WAHYU WIJAYA', 1647078856),
(578, 'Hasim Azari', 1647228018),
(579, 'WAHYU WIJAYA', 1647228272),
(580, 'WAHYU WIJAYA', 1647241749),
(581, 'JOFAN FATHURAHMAN 2020', 1647242320),
(582, 'Hasim Azari', 1647258399),
(583, 'Wihan Perkasa Nugraha Putra', 1647260338),
(584, 'JOKO SUSANTO', 1647261070),
(585, 'Muhammad Nur Ikhsanuddin', 1647261592),
(586, 'Atik Sulami', 1647262010),
(587, 'WAHYU WIJAYA', 1647262858),
(588, 'Muhammad Nur Ikhsanuddin', 1647263493),
(589, 'Meraldy Fiko Rastio Ajie', 1647265956),
(590, 'Hasim Azari', 1647267844),
(591, 'TIARA INDRIYANI', 1647268141),
(592, 'Muhammad Nur Ikhsanuddin', 1647302653),
(593, 'Hasim Azari', 1647335833),
(594, 'Meraldy Fiko Rastio Ajie', 1647335927),
(595, 'Fitroh Ahmad Abdul Aziz', 1647479034),
(596, 'Wihan Perkasa Nugraha Putra', 1647480014),
(597, 'Fitroh Ahmad Abdul Aziz', 1647481112),
(598, 'Dika Adi Pratama', 1647608368),
(599, 'NURBAGUS SAPUTRO 2020', 1647737590),
(600, 'NURBAGUS SAPUTRO 2020', 1647738807),
(601, 'Fitroh Ahmad Abdul Aziz', 1647740463),
(602, 'AHMAD ALIF APRIYANTO', 1647749092),
(603, 'Fitroh Ahmad Abdul Aziz', 1648013929),
(604, 'JOFAN FATHURAHMAN 2020', 1648031570),
(605, 'NURBAGUS SAPUTRO 2020', 1648031920),
(606, 'Wihan Perkasa Nugraha Putra', 1648033271),
(607, 'ANDREAS ABI PERMANA', 1648033619),
(608, 'Atik Sulami', 1648036061),
(609, 'YULIDAR MAULANA IVAN SAPUTRA', 1648036421),
(610, 'NURBAGUS SAPUTRO 2020', 1648036765),
(611, 'Fitroh Ahmad Abdul Aziz', 1648038221),
(612, 'CAHYA DWI SETIYAWAN', 1648043356),
(613, 'Muhammad Nur Ikhsanuddin', 1648076836),
(614, 'NURBAGUS SAPUTRO 2020', 1648079919),
(615, 'YULIDAR MAULANA IVAN SAPUTRA', 1648085743),
(616, 'NURBAGUS SAPUTRO 2020', 1648094046),
(617, 'NURBAGUS SAPUTRO 2020', 1648105296),
(618, 'Fitroh Ahmad Abdul Aziz', 1648108707),
(619, 'Hasim Azari', 1648130414),
(620, 'JOKO SUSANTO', 1648179011),
(621, 'Fitroh Ahmad Abdul Aziz', 1648179449),
(622, 'Fitroh Ahmad Abdul Aziz', 1648208513),
(623, 'Hasim Azari', 1648213492),
(624, 'Muhammad Nur Ikhsanuddin', 1648213608),
(625, 'Muhammad Nur Ikhsanuddin', 1648265886),
(626, 'Muhammad Nur Ikhsanuddin', 1648266741),
(627, 'FANDI AZIZ PRATAMA', 1648296399),
(628, 'JOFAN FATHURAHMAN 2020', 1648304155),
(629, 'JOKO SUSANTO', 1648304239),
(630, 'NURBAGUS SAPUTRO 2020', 1648304243),
(631, 'Meraldy Fiko Rastio Ajie', 1648304284),
(632, 'Hasim Azari', 1648304321),
(633, 'Atik Sulami', 1648304362),
(634, 'TIARA INDRIYANI', 1648449214),
(635, 'RIO SURYO LAKSONO', 1648626103),
(636, 'RIO SURYO LAKSONO', 1648701596),
(637, 'FANDI AZIZ PRATAMA', 1648891582),
(638, 'RIFQI FIRDAUSI ARAFADH', 1649959408),
(639, 'JOFAN FATHURAHMAN 2020', 1650349434),
(640, 'JOFAN FATHURAHMAN 2020', 1650359142),
(641, 'JOFAN FATHURAHMAN 2020', 1650433854),
(642, 'JOFAN FATHURAHMAN 2020', 1651672387),
(643, 'FANDI AZIZ PRATAMA', 1651918591),
(644, 'JOFAN FATHURAHMAN 2020', 1652538038),
(645, 'FANDI AZIZ PRATAMA', 1653807564),
(646, 'FANDI AZIZ PRATAMA', 1653807934),
(647, 'FANDI AZIZ PRATAMA', 1654436221),
(648, 'WAHYU WIJAYA', 1655816383),
(649, 'Wahyu Wijaya', 1656420162),
(650, 'RIO SURYO LAKSONO', 1657950679),
(651, 'JOFAN FATHURAHMAN 2020', 1658308153),
(652, 'WIDI DWI NURCAHYO', 1658359877),
(653, 'Wahyu Wijaya', 1658391727),
(654, 'Wahyu Wijaya', 1658394899),
(655, 'Wahyu Wijaya', 1658395159),
(656, 'NURBAGUS SAPUTRO 2020', 1658395581),
(657, 'RIO SURYO LAKSONO', 1658396285),
(658, 'NURBAGUS SAPUTRO 2020', 1658416140),
(659, 'FANDI AZIZ PRATAMA', 1658662115),
(660, 'JOKO SUSANTO', 1658730441),
(661, 'JOKO SUSANTO', 1658747661),
(662, 'FANDI AZIZ PRATAMA', 1658752136),
(663, 'JOKO SUSANTO', 1658816587),
(664, 'RISMA ADISTY NILASARI', 1658826733),
(665, 'ANDREAS ABI PERMANA', 1658829577),
(666, 'MATIN MUHITH', 1658833310),
(667, 'YULIDAR MAULANA IVAN SAPUTRA', 1658836312),
(668, 'JOKO SUSANTO', 1658926655),
(669, 'Fitroh Ahmad Abdul Aziz', 1658963770),
(670, 'JOKO SUSANTO', 1658971930),
(671, 'Wihan Perkasa Nugraha Putra', 1659011613),
(672, 'FANDI AZIZ PRATAMA', 1659082716),
(673, 'RIO SURYO LAKSONO', 1659084338),
(674, 'FANDI AZIZ PRATAMA', 1659086393),
(675, 'Fitroh Ahmad Abdul Aziz', 1659150736),
(676, 'Meraldy Fiko Rastio Ajie', 1659154489),
(677, 'RIO SURYO LAKSONO', 1659347305),
(678, 'YULIDAR MAULANA IVAN SAPUTRA', 1659803543),
(679, 'YULIDAR MAULANA IVAN SAPUTRA', 1659803834),
(680, 'Fitroh Ahmad Abdul Aziz', 1660227269),
(681, 'Wahyu Wijaya', 1660242359),
(682, 'Wahyu Wijaya', 1660267358),
(683, 'FANDI AZIZ PRATAMA', 1660796138),
(684, 'FANDI AZIZ PRATAMA', 1660876661),
(685, 'FANDI AZIZ PRATAMA', 1660898690),
(686, 'Muhammad Nur Ikhsanuddin', 1660913688),
(687, 'NURBAGUS SAPUTRO 2020', 1660965985),
(688, 'FANDI AZIZ PRATAMA', 1660970251),
(689, 'FANDI AZIZ PRATAMA', 1661082289),
(690, 'WIDI DWI NURCAHYO', 1661166028),
(691, 'Fitroh Ahmad Abdul Aziz', 1661166204),
(692, 'FANDI AZIZ PRATAMA', 1661330122),
(693, 'NURBAGUS SAPUTRO 2020', 1661340545),
(694, 'FANDI AZIZ PRATAMA', 1661341299),
(695, 'FANDI AZIZ PRATAMA', 1661341884),
(696, 'Fitroh Ahmad Abdul Aziz', 1661342090),
(697, 'ANDREAS ABI PERMANA', 1661391567),
(698, 'Hasim Azari', 1661394376),
(699, 'BAGUS ERWANTO', 1661494374),
(700, 'FANDI AZIZ PRATAMA', 1661669146),
(701, 'JOKO SUSANTO', 1661691825),
(702, 'FANDI AZIZ PRATAMA', 1661862361),
(703, 'Muhammad Nur Ikhsanuddin', 1661923794),
(704, 'Muhammad Nur Ikhsanuddin', 1661960264),
(705, 'RIO SURYO LAKSONO', 1662055603),
(706, 'JOFAN FATHURAHMAN 2020', 1662104034),
(707, 'RIO SURYO LAKSONO', 1662109157),
(708, 'Fitroh Ahmad Abdul Aziz', 1662121203),
(709, 'Fitroh Ahmad Abdul Aziz', 1662169677),
(710, 'JOFAN FATHURAHMAN 2020', 1662197089),
(711, 'Muhammad Nur Ikhsanuddin', 1662214261),
(712, 'Meraldy Fiko Rastio Ajie', 1662288004),
(713, 'Atik Sulami', 1662288015),
(714, 'Meraldy Fiko Rastio Ajie', 1662288181),
(715, 'TIARA INDRIYANI', 1662288381),
(716, 'FANDI AZIZ PRATAMA', 1662288398),
(717, 'RIO SURYO LAKSONO', 1662288944),
(718, 'Jamilatun Safitri', 1662289119),
(719, 'MUH ALVIAN BAGUS PRASTYA', 1662289183),
(720, 'JOFAN FATHURAHMAN 2020', 1662290079),
(721, 'Dika Adi Pratama', 1662290144),
(722, 'Fitroh Ahmad Abdul Aziz', 1662291151),
(723, 'Ramadhan Qodri Hardiansyah', 1662292278),
(724, 'Atik Sulami', 1662294698),
(725, 'AHMAD ALIF APRIYANTO', 1662296716),
(726, 'RIO SURYO LAKSONO', 1662296828),
(727, 'BAGUS ERWANTO', 1662299094),
(728, 'Atik Sulami', 1662305170),
(729, 'TIARA INDRIYANI', 1662307336),
(730, 'Fitroh Ahmad Abdul Aziz', 1662340367),
(731, 'JOFAN FATHURAHMAN 2020', 1662342593),
(732, 'Hasim Azari', 1662342885),
(733, 'Dika Adi Pratama', 1662345134),
(734, 'AHMAD ALIF APRIYANTO', 1662345171),
(735, 'Jamilatun Safitri', 1662345303),
(736, 'JOFAN FATHURAHMAN 2020', 1662345319),
(737, 'Wihan Perkasa Nugraha Putra', 1662345705),
(738, 'JOFAN FATHURAHMAN 2020', 1662362327),
(739, 'JOFAN FATHURAHMAN 2020', 1662535051),
(740, 'RIO SURYO LAKSONO', 1662642020),
(741, 'JOFAN FATHURAHMAN 2020', 1662739369),
(742, 'JOFAN FATHURAHMAN 2020', 1662739401),
(743, 'Wahyu Wijaya', 1662880886),
(744, 'RIO SURYO LAKSONO', 1662883608),
(745, 'WIDI DWI NURCAHYO', 1662889658),
(746, 'JOFAN FATHURAHMAN 2020', 1662891395),
(747, 'WIDI DWI NURCAHYO', 1662895301),
(748, 'RIO SURYO LAKSONO', 1662897271),
(749, 'JOFAN FATHURAHMAN 2020', 1662902932),
(750, 'Muhammad Nur Ikhsanuddin', 1662903078),
(751, 'RIO SURYO LAKSONO', 1662952293),
(752, 'Muhammad Nur Ikhsanuddin', 1662970396),
(753, 'Muhammad Nur Ikhsanuddin', 1663039923),
(754, 'JOFAN FATHURAHMAN 2020', 1663074250),
(755, 'RIO SURYO LAKSONO', 1663075360),
(756, 'JOFAN FATHURAHMAN 2020', 1663076485),
(757, 'JOFAN FATHURAHMAN 2020', 1663082970),
(758, 'JOFAN FATHURAHMAN 2020', 1663083209),
(759, 'Muhammad Nur Ikhsanuddin', 1663083444),
(760, 'JOFAN FATHURAHMAN 2020', 1663135273),
(761, 'Muhammad Nur Ikhsanuddin', 1663137196),
(762, 'AHMAD ALIF APRIYANTO', 1663137952),
(763, 'JOFAN FATHURAHMAN 2020', 1663166352),
(764, 'JOFAN FATHURAHMAN 2020', 1663226941),
(765, 'RIO SURYO LAKSONO', 1663246385),
(766, 'JOFAN FATHURAHMAN 2020', 1663248245),
(767, 'Muhammad Nur Ikhsanuddin', 1663251693),
(768, 'Wihan Perkasa Nugraha Putra', 1663339449),
(769, 'HMPTI Fikom', 1663340483),
(770, 'Atik Sulami', 1663396216),
(771, 'TIARA INDRIYANI', 1663396232),
(772, 'Muhammad Nur Ikhsanuddin', 1663512931),
(773, 'JOFAN FATHURAHMAN 2020', 1663583114),
(774, 'Jofan Fathurahman', 1663583244),
(775, 'Jofan Fathurahman', 1663583246),
(776, 'Jofan Fathurahman', 1663583251),
(777, 'Wahyu Wijaya', 1663596287),
(778, 'TIARA INDRIYANI', 1663645815),
(779, 'Muhammad Nur Ikhsanuddin', 1663649660),
(780, 'Muhammad Nur Ikhsanuddin', 1663653958),
(781, 'Muhammad Nur Ikhsanuddin', 1663766874),
(782, 'Jofan Fathurahman', 1663840331),
(783, 'JOFAN FATHURAHMAN 2020', 1663852711),
(784, 'Muhammad Nur Ikhsanuddin', 1663854853),
(785, 'Muhammad Nur Ikhsanuddin', 1663862709),
(786, 'Fitroh Ahmad Abdul Aziz', 1663912224),
(787, 'Fitroh Ahmad Abdul Aziz', 1663912315),
(788, 'FANDI AZIZ PRATAMA', 1663912658),
(789, 'Fandi Aziz Pratama', 1663912774),
(790, 'Muhammad Nur Ikhsanuddin', 1663938988),
(791, 'HMPTI Fikom', 1663939908),
(792, 'HMPTI Fikom', 1663940668),
(793, 'JOFAN FATHURAHMAN 2020', 1663940691),
(794, 'Muhammad Nur Ikhsanuddin', 1663949410),
(795, 'Muhammad Nur Ikhsanuddin', 1664117912),
(796, 'Fitroh Ahmad Abdul Aziz', 1664154093),
(797, 'JOFAN FATHURAHMAN 2020', 1664260873),
(798, 'Fitroh Ahmad Abdul Aziz', 1664263960),
(799, 'RIO SURYO LAKSONO', 1664267636),
(800, 'RIO SURYO LAKSONO', 1664276860),
(801, 'Fitroh Ahmad Abdul Aziz', 1664277146),
(802, 'JOFAN FATHURAHMAN 2020', 1664278974),
(803, 'RIFQI FIRDAUSI ARAFADH', 1664285467),
(804, 'Fitroh Ahmad Abdul Aziz', 1664320995),
(805, 'RIO SURYO LAKSONO', 1664349921),
(806, 'RIO SURYO LAKSONO', 1664350640),
(807, 'Fitroh Ahmad Abdul Aziz', 1664352441),
(808, 'AHMAD ALIF APRIYANTO', 1664356538),
(809, 'JOFAN FATHURAHMAN 2020', 1664357294),
(810, 'Fitroh Ahmad Abdul Aziz', 1664361836),
(811, 'Muhammad Nur Ikhsanuddin', 1664367421),
(812, 'Muhammad Nur Ikhsanuddin', 1664376324),
(813, 'BAGUS ERWANTO', 1664378804),
(814, 'JOFAN FATHURAHMAN 2020', 1664414692),
(815, 'Atik Sulami', 1664417621),
(816, 'AHMAD ALIF APRIYANTO', 1664423131),
(817, 'JOFAN FATHURAHMAN 2020', 1664446351),
(818, 'Fitroh Ahmad Abdul Aziz', 1664447358),
(819, 'Hasim Azari', 1664458460),
(820, 'JOFAN FATHURAHMAN 2020', 1664488660),
(821, 'FANDI AZIZ PRATAMA', 1664501572),
(822, 'Wahyu Wijaya', 1664502338),
(823, 'JOFAN FATHURAHMAN 2020', 1664508216),
(824, 'JOFAN FATHURAHMAN 2020', 1664509874),
(825, 'NURBAGUS SAPUTRO 2020', 1664511293),
(826, 'Wihan Perkasa Nugraha Putra', 1664511333),
(827, 'Fitroh Ahmad Abdul Aziz', 1664516684),
(828, 'Muhammad Nur Ikhsanuddin', 1664521813),
(829, 'Meraldy Fiko Rastio Ajie', 1664529500),
(830, 'NURBAGUS SAPUTRO 2020', 1664531156),
(831, 'Fitroh Ahmad Abdul Aziz', 1664533584),
(832, 'Muhammad Nur Ikhsanuddin', 1664534021),
(833, 'JOFAN FATHURAHMAN 2020', 1664534428),
(834, 'Muhammad Nur Ikhsanuddin', 1664543213),
(835, 'Muhammad Nur Ikhsanuddin', 1664545233),
(836, 'BAGUS ERWANTO', 1664548445),
(837, 'Jofan Fathurahman', 1664552203),
(838, 'Muhammad Nur Ikhsanuddin', 1664556803),
(839, 'JOFAN FATHURAHMAN 2020', 1664557207),
(840, 'JOFAN FATHURAHMAN 2020', 1664578491),
(841, 'Fitroh Ahmad Abdul Aziz', 1664587428),
(842, 'Atik Sulami', 1664590351),
(843, 'Jamilatun Safitri', 1664590387),
(844, 'Ramadhan Qodri Hardiansyah', 1664590864),
(845, 'JOFAN FATHURAHMAN 2020', 1664591952),
(846, 'RIO SURYO LAKSONO', 1664597869),
(847, 'JOFAN FATHURAHMAN 2020', 1664598342),
(848, 'Ramadhan Qodri Hardiansyah', 1664598410),
(849, 'Wahyu Wijaya', 1664598453),
(850, 'Ramadhan Qodri Hardiansyah', 1664598478),
(851, 'Wahyu Wijaya', 1664598558),
(852, 'Fitroh Ahmad Abdul Aziz', 1664599833),
(853, 'JOFAN FATHURAHMAN 2020', 1664600914),
(854, 'Wahyu Wijaya', 1664602497),
(855, 'BAGUS ERWANTO', 1664602577),
(856, 'Fitroh Ahmad Abdul Aziz', 1664610237),
(857, 'BAGUS ERWANTO', 1664695593),
(858, 'BAGUS ERWANTO', 1664696734),
(859, 'Muhammad Nur Ikhsanuddin', 1664713870),
(860, 'JOFAN FATHURAHMAN 2020', 1664718245),
(861, 'Rio Suryo Laksono', 1664753612),
(862, 'RIO SURYO LAKSONO', 1664755999),
(863, 'Rio Suryo Laksono', 1664758784),
(864, 'CAHYA DWI SETIYAWAN', 1664804041),
(865, 'BAGUS ERWANTO', 1664805710),
(866, 'FANDI AZIZ PRATAMA', 1664842577),
(867, 'RIO SURYO LAKSONO', 1664858846),
(868, 'Atik Sulami', 1664859018),
(869, 'ARIF EKO FITRIANTO', 1664859140),
(870, 'AHMAD ALIF APRIYANTO', 1664944373),
(871, 'JOFAN FATHURAHMAN 2020', 1664947316),
(872, 'Wihan Perkasa Nugraha Putra', 1664961982),
(873, 'BAGUS ERWANTO', 1665132112),
(874, 'BAGUS ERWANTO', 1665135824),
(875, 'FANDI AZIZ PRATAMA', 1665196249),
(876, 'RIO SURYO LAKSONO', 1665238325),
(877, 'RIO SURYO LAKSONO', 1665261151),
(878, 'Fitroh Ahmad Abdul Aziz', 1665288960),
(879, 'RIO SURYO LAKSONO', 1665295709),
(880, 'Fitroh Ahmad Abdul Aziz', 1665300849),
(881, 'FANDI AZIZ PRATAMA', 1665300867),
(882, 'RIO SURYO LAKSONO', 1665311137),
(883, 'Fitroh Ahmad Abdul Aziz', 1665327752),
(884, 'RIO SURYO LAKSONO', 1665336289),
(885, 'Fitroh Ahmad Abdul Aziz', 1665353279),
(886, 'CAHYA DWI SETIYAWAN', 1665363456),
(887, 'Fitroh Ahmad Abdul Aziz', 1665367065),
(888, 'Hasim Azari', 1665371195),
(889, 'CAHYA DWI SETIYAWAN', 1665372872),
(890, 'FANDI AZIZ PRATAMA', 1665389459),
(891, 'Fitroh Ahmad Abdul Aziz', 1665389596),
(892, 'Fitroh Ahmad Abdul Aziz', 1665389657),
(893, 'RIO SURYO LAKSONO', 1665396942),
(894, 'Fitroh Ahmad Abdul Aziz', 1665404829),
(895, 'Jamilatun Safitri', 1665413180),
(896, 'CAHYA DWI SETIYAWAN', 1665444063),
(897, 'RIO SURYO LAKSONO', 1665460001),
(898, 'AHMAD ALIF APRIYANTO', 1665470517),
(899, 'JOFAN FATHURAHMAN 2020', 1665470552),
(900, 'Fitroh Ahmad Abdul Aziz', 1665475732),
(901, 'CAHYA DWI SETIYAWAN', 1665486305),
(902, 'Fitroh Ahmad Abdul Aziz', 1665494448),
(903, 'JOFAN FATHURAHMAN 2020', 1665535355),
(904, 'Jofan Fathurahman', 1665535507),
(905, 'CAHYA DWI SETIYAWAN', 1665546455),
(906, 'HMPTI Fikom', 1665555250),
(907, 'Jofan Fathurahman', 1665555607),
(908, 'JOFAN FATHURAHMAN 2020', 1665556484),
(909, 'RIO SURYO LAKSONO', 1665562661),
(910, 'JOFAN FATHURAHMAN 2020', 1665563070),
(911, 'Meraldy Fiko Rastio Ajie', 1665564528),
(912, 'CAHYA DWI SETIYAWAN', 1665571488),
(913, 'Meraldy Fiko Rastio Ajie', 1665572374),
(914, 'Meraldy Fiko Rastio Ajie', 1665573158),
(915, 'NURBAGUS SAPUTRO 2020', 1665573478),
(916, 'Wahyu Wijaya', 1665579704),
(917, 'TIARA INDRIYANI', 1665581022),
(918, 'JOFAN FATHURAHMAN 2020', 1665598276),
(919, 'JOFAN FATHURAHMAN 2020', 1665599135),
(920, 'Fitroh Ahmad Abdul Aziz', 1665613742),
(921, 'Atik Sulami', 1665617888),
(922, 'TIARA INDRIYANI', 1665621709),
(923, 'NURBAGUS SAPUTRO 2020', 1665622918),
(924, 'Wahyu Wijaya', 1665623684),
(925, 'BAGUS ERWANTO', 1665624448),
(926, 'Asa Dilla Safitri', 1665638530),
(927, 'Jamilatun Safitri', 1665638701),
(928, 'CAHYA DWI SETIYAWAN', 1665647285),
(929, 'AHMAD ALIF APRIYANTO', 1665648157),
(930, 'JOFAN FATHURAHMAN 2020', 1665648160),
(931, 'Muhammad Nur Ikhsanuddin', 1665650089),
(932, 'HMPTI Fikom', 1665665171),
(933, 'Muhammad Nur Ikhsanuddin', 1665666866),
(934, 'Fitroh Ahmad Abdul Aziz', 1665667875),
(935, 'JOFAN FATHURAHMAN 2020', 1665671006),
(936, 'Dika Adi Pratama', 1665673605),
(937, 'Dika Adi Pratama', 1665674783),
(938, 'FANDI AZIZ PRATAMA', 1665675610),
(939, 'TIARA INDRIYANI', 1665709625),
(940, 'Wahyu Wijaya', 1665710875),
(941, 'Fitroh Ahmad Abdul Aziz', 1665714112),
(942, 'TIARA INDRIYANI', 1665718384),
(943, 'RIO SURYO LAKSONO', 1665735029),
(944, 'JOFAN FATHURAHMAN 2020', 1665741410),
(945, 'CAHYA DWI SETIYAWAN', 1665746330),
(946, 'TIARA INDRIYANI', 1665750170),
(947, 'Muhammad Nur Ikhsanuddin', 1665752815),
(948, 'RIO SURYO LAKSONO', 1665752973),
(949, 'JOFAN FATHURAHMAN 2020', 1665755415),
(950, 'Hasim Azari', 1665756287),
(951, 'CAHYA DWI SETIYAWAN', 1665757694),
(952, 'CAHYA DWI SETIYAWAN', 1665765555),
(953, 'CAHYA DWI SETIYAWAN', 1665793794),
(954, 'RIO SURYO LAKSONO', 1665804337),
(955, 'FANDI AZIZ PRATAMA', 1665806133),
(956, 'CAHYA DWI SETIYAWAN', 1665806530),
(957, 'FANDI AZIZ PRATAMA', 1665809582),
(958, 'Fitroh Ahmad Abdul Aziz', 1665809785),
(959, 'JOFAN FATHURAHMAN 2020', 1665814960),
(960, 'AHMAD ALIF APRIYANTO', 1665815248),
(961, 'Meraldy Fiko Rastio Ajie', 1665815650),
(962, 'Ramadhan Qodri Hardiansyah', 1665816135),
(963, 'Meraldy Fiko Rastio Ajie', 1665817359),
(964, 'JOFAN FATHURAHMAN 2020', 1665829878),
(965, 'AHMAD ALIF APRIYANTO', 1665833869),
(966, 'NURBAGUS SAPUTRO 2020', 1665835898),
(967, 'Fitroh Ahmad Abdul Aziz', 1665836219),
(968, 'NURBAGUS SAPUTRO 2020', 1665836849),
(969, 'TIARA INDRIYANI', 1665838363),
(970, 'NURBAGUS SAPUTRO 2020', 1665898302),
(971, 'Jamilatun Safitri', 1665964424),
(972, 'CAHYA DWI SETIYAWAN', 1665970242),
(973, 'AHMAD ALIF APRIYANTO', 1665982546),
(974, 'Atik Sulami', 1665986380),
(975, 'FANDI AZIZ PRATAMA', 1665987784),
(976, 'JOFAN FATHURAHMAN 2020', 1665987823),
(977, 'Fitroh Ahmad Abdul Aziz', 1665987914),
(978, 'Ramadhan Qodri Hardiansyah', 1665988176),
(979, 'Dika Adi Pratama', 1665988959),
(980, 'CAHYA DWI SETIYAWAN', 1665994038),
(981, 'NURBAGUS SAPUTRO 2020', 1665995269),
(982, 'Dika Adi Pratama', 1665997006),
(983, 'Fitroh Ahmad Abdul Aziz', 1665998046),
(984, 'Wahyu Wijaya', 1665998423),
(985, 'Hasim Azari', 1665999729),
(986, 'Meraldy Fiko Rastio Ajie', 1666005085),
(987, 'Muhammad Nur Ikhsanuddin', 1666009837),
(988, 'CAHYA DWI SETIYAWAN', 1666065456),
(989, 'FANDI AZIZ PRATAMA', 1666066294),
(990, 'TIARA INDRIYANI', 1666071345),
(991, 'Meraldy Fiko Rastio Ajie', 1666072134),
(992, 'Dika Adi Pratama', 1666074138),
(993, 'Muhammad Nur Ikhsanuddin', 1666078752),
(994, 'RIO SURYO LAKSONO', 1666080180),
(995, 'NURBAGUS SAPUTRO 2020', 1666107201),
(996, 'Jamilatun Safitri', 1666149288),
(997, 'RIO SURYO LAKSONO', 1666169616),
(998, 'Muhammad Nur Ikhsanuddin', 1666174197),
(999, 'Dika Adi Pratama', 1666348228),
(1000, 'Wihan Perkasa Nugraha Putra', 1666402363),
(1001, 'Fitroh Ahmad Abdul Aziz', 1666404002),
(1002, 'Wahyu Wijaya', 1666407447),
(1003, 'Wahyu Wijaya', 1666407888),
(1004, 'Meraldy Fiko Rastio Ajie', 1666411012),
(1005, 'Meraldy Fiko Rastio Ajie', 1666411198),
(1006, 'Wahyu Wijaya', 1666419182),
(1007, 'Muhammad Nur Ikhsanuddin', 1666423138),
(1008, 'RIO SURYO LAKSONO', 1666425889),
(1009, 'Wahyu Wijaya', 1666436965),
(1010, 'Dika Adi Pratama', 1666439905),
(1011, 'Meraldy Fiko Rastio Ajie', 1666442074),
(1012, 'Fitroh Ahmad Abdul Aziz', 1666486903),
(1013, 'Wahyu Wijaya', 1666521584),
(1014, 'FANDI AZIZ PRATAMA', 1666529286),
(1015, 'JOFAN FATHURAHMAN 2020', 1666529292),
(1016, 'AHMAD ALIF APRIYANTO', 1666539142),
(1017, 'RIO SURYO LAKSONO', 1666696596),
(1018, 'JOFAN FATHURAHMAN 2020', 1666699616),
(1019, 'Meraldy Fiko Rastio Ajie', 1666701407),
(1020, 'Dika Adi Pratama', 1666705306),
(1021, 'Ramadhan Qodri Hardiansyah', 1666705672),
(1022, 'Ramadhan Qodri Hardiansyah', 1666769090),
(1023, 'Fitroh Ahmad Abdul Aziz', 1666771642),
(1024, 'FANDI AZIZ PRATAMA', 1666773940),
(1025, 'Wihan Perkasa Nugraha Putra', 1666774604),
(1026, 'JOFAN FATHURAHMAN 2020', 1666775085),
(1027, 'Muhammad Nur Ikhsanuddin', 1666775971),
(1028, 'NURBAGUS SAPUTRO 2020', 1666796687),
(1029, 'Wahyu Wijaya', 1666833007),
(1030, 'Dika Adi Pratama', 1666835362),
(1031, 'Hasim Azari', 1666872326),
(1032, 'Wahyu Wijaya', 1666873455),
(1033, 'JOFAN FATHURAHMAN 2020', 1666893006),
(1034, 'RIO SURYO LAKSONO', 1666939644),
(1035, 'JOFAN FATHURAHMAN 2020', 1666943734),
(1036, 'Muhammad Nur Ikhsanuddin', 1666943770),
(1037, 'Ramadhan Qodri Hardiansyah', 1666949527),
(1038, 'JOFAN FATHURAHMAN 2020', 1666962191),
(1039, 'TIARA INDRIYANI', 1667006289),
(1040, 'RIO SURYO LAKSONO', 1667027509),
(1041, 'JOFAN FATHURAHMAN 2020', 1667054455),
(1042, 'JOFAN FATHURAHMAN 2020', 1667122972),
(1043, 'JOFAN FATHURAHMAN 2020', 1667124615),
(1044, 'Meraldy Fiko Rastio Ajie', 1667136985),
(1045, 'Wahyu Wijaya', 1667137118),
(1046, 'Jamilatun Safitri', 1667207994),
(1047, 'Dika Adi Pratama', 1667231395),
(1048, 'JOFAN FATHURAHMAN 2020', 1667276798),
(1049, 'BAGUS ERWANTO', 1667301250),
(1050, 'BAGUS ERWANTO', 1667301534),
(1051, 'JOFAN FATHURAHMAN 2020', 1667396718),
(1052, 'Fitroh Ahmad Abdul Aziz', 1667480078),
(1053, 'TIARA INDRIYANI', 1667543992),
(1054, 'JOFAN FATHURAHMAN 2020', 1667560841),
(1055, 'AHMAD ALIF APRIYANTO', 1667562617),
(1056, 'JOFAN FATHURAHMAN 2020', 1667582320),
(1057, 'AHMAD ALIF APRIYANTO', 1667653280),
(1058, 'Muhammad Nur Ikhsanuddin', 1667667560),
(1059, 'Wahyu Wijaya', 1667691647),
(1060, 'AHMAD ALIF APRIYANTO', 1667728451),
(1061, 'JOFAN FATHURAHMAN 2020', 1667734950),
(1062, 'Fitroh Ahmad Abdul Aziz', 1667812309),
(1063, 'Fitroh Ahmad Abdul Aziz', 1667825181),
(1064, 'Ramadhan Qodri Hardiansyah', 1667905911),
(1065, 'Muhammad Nur Ikhsanuddin', 1668572341),
(1066, 'BAGUS ERWANTO', 1668759712),
(1067, 'WAHYU WIJAYA', 1668759716),
(1068, 'Meraldy Fiko Rastio Ajie', 1668764487),
(1069, 'JOFAN FATHURAHMAN 2020', 1668788715),
(1070, 'RIO SURYO LAKSONO', 1668952074),
(1071, 'WAHYU WIJAYA', 1669334855),
(1072, 'Muhammad Nur Ikhsanuddin', 1669465500),
(1073, 'Fitroh Ahmad Abdul Aziz', 1669548138),
(1074, 'TIARA INDRIYANI', 1669607603),
(1075, 'Atik Sulami', 1669609540),
(1076, 'FANDI AZIZ PRATAMA', 1669960716),
(1077, 'FANDI AZIZ PRATAMA', 1670397151),
(1078, 'Muhammad Nur Ikhsanuddin', 1671017872),
(1079, 'Hasim Azari', 1671464074),
(1080, 'Hasim Azari', 1671495977),
(1081, 'Fitroh Ahmad Abdul Aziz', 1671863075),
(1082, 'AHMAD ALIF APRIYANTO', 1673944878),
(1083, 'Muhammad Nur Ikhsanuddin', 1674216871),
(1084, 'JOFAN FATHURAHMAN 2020', 1674307655),
(1085, 'JOFAN FATHURAHMAN 2020', 1675264865),
(1086, 'Wihan Perkasa Nugraha Putra', 1675265404),
(1087, 'Muhammad Nur Ikhsanuddin', 1675265987),
(1088, 'Fitroh Ahmad Abdul Aziz', 1675266385),
(1089, 'Meraldy Fiko Rastio Ajie', 1675317824),
(1090, 'FANDI AZIZ PRATAMA', 1675614251),
(1091, 'FANDI AZIZ PRATAMA', 1675614324),
(1092, 'RIFQI FIRDAUSI ARAFADH', 1675734090),
(1093, 'Jamilatun Safitri', 1675916673),
(1094, 'Jamilatun Safitri', 1675951265),
(1095, 'Jamilatun Safitri', 1675952421),
(1096, 'Hasim Azari', 1676242556),
(1097, 'HMPTI Fikom', 1676622509),
(1098, 'HMPTI Fikom', 1676949245),
(1099, 'FANDI AZIZ PRATAMA', 1676963471),
(1100, 'FANDI AZIZ PRATAMA', 1676964231),
(1101, 'Dika Adi Pratama', 1677310709),
(1102, 'Wihan Perkasa Nugraha Putra', 1677322030),
(1103, 'FANDI AZIZ PRATAMA', 1677325636),
(1104, 'Wihan Perkasa Nugraha Putra', 1677386449),
(1105, 'FANDI AZIZ PRATAMA', 1677393529);

-- --------------------------------------------------------

--
-- Struktur dari tabel `h_oprek`
--

CREATE TABLE `h_oprek` (
  `id_oprek` int(4) NOT NULL,
  `nama` varchar(40) DEFAULT NULL,
  `email` varchar(40) DEFAULT NULL,
  `kelas` varchar(40) DEFAULT NULL,
  `nim` int(9) DEFAULT NULL,
  `noHp` varchar(15) DEFAULT NULL,
  `formulir_pen` varchar(60) DEFAULT NULL,
  `cv` varchar(60) DEFAULT NULL,
  `krs` varchar(60) DEFAULT NULL,
  `statuss` int(11) DEFAULT 0
) ENGINE=InnoDB DEFAULT CHARSET=latin1 COLLATE=latin1_swedish_ci;

--
-- Dumping data untuk tabel `h_oprek`
--

INSERT INTO `h_oprek` (`id_oprek`, `nama`, `email`, `kelas`, `nim`, `noHp`, `formulir_pen`, `cv`, `krs`, `statuss`) VALUES
(8, 'Ramdhani Hadi Winarno', NULL, 'TI22A3', 220103102, '081225568420', 'e9515e43d76345a3ad048c0e99860052.pdf', '4e6e733930c6d5416383bf89a1ddef0d.pdf', '707d6fc9bd9324a31208b24b8aa01d04.pdf', 2),
(9, 'MOHAMAD HAFIDH BASKORO', NULL, 'TI22A1', 220103021, '089662606800', '1804b274a311b7bad28ea7d9012f94c8.pdf', '74213bb5a7bcdce36b95e6e17f64514b.pdf', '8cde4ab12385a2df9c8c87d348d5b9cd.pdf', 2),
(10, 'Sarah Ika Puspita Arum ', NULL, 'TI22A3', 220103106, '085786908580', 'b9b33f519474dbc1277247e01c45683f.docx', 'd7a8feb58abc99460217487a6528eb3d.pdf', '9ac292210f1f41c7d57793ce1753048c.pdf', 2),
(11, 'MUHAMMAD RAFLI ANWAR', NULL, 'TI22B1', 220103239, '082133277356', 'afb97aeaf9e0ec3b8df13d88270b336b.pdf', '5d3745296940a4636a54544f69dcb83e.pdf', '44a59fd0dbaa6ab5b9c3e91aa9bdd65a.pdf', 1),
(12, 'TAUFIQ FADHLY RAMADHAN', NULL, 'TI22A1', 220103036, '085601138520', '2b1113ae4779383c4c2c23c9cc124892.docx', 'dc8a0397a6b62ae22cdb3182e461a8ac.docx', '77fcac40fa8d97aefcb49fbb19e3e968.pdf', 2),
(13, 'Bagas Fitriandra', NULL, 'TI22A1', 220103007, '082143296291', '4fbfc5a85255424394ebc75db6aafee1.pdf', '2df059c20c543c6a016eb06e6e131ce4.pdf', '34633c0bc2f888a0cccb6707c55f00dc.pdf', 1),
(14, 'Hafidz atsal nurrohman', NULL, 'TI 22A1', 220103017, '085713425070', '75f664d8bbc9adefe92dcb28b0030745.docx', 'WhatsApp Image 2022-10-10 at 12_36_51 hfis.jpeg', '0a52919d10e2011d5eb02eb1cbb9fe2b.pdf', 1),
(15, 'Sholeh Abdul Irfan Torodipo', NULL, 'TI22A1', 220103034, '085281491778', 'a558b519825d24d9209f9ff24651d170.pdf', '124a052654aea1792bda138283ad4b39.pdf', '2e4be7f3872a46068fe2387813b5eb7e.pdf', 1),
(16, 'Ryan Firmansyah ', NULL, 'TI22A6', 220103188, '089664261574', '24cb893ee5e2a4594031bdef3bf85a33.pdf', '6735263b2dfe30165796c4a13c8e930e.pdf', 'f1601e5a7dcd35b7502615efc41327b4.pdf', 1),
(17, 'Pipin Tri Hastuti', NULL, 'TI22A1', 220103032, '085848310335', 'Form pendaftaran ', 'ccab4bcef8affb52247c9f171127e5ba.pdf', 'KRS ', 1),
(18, 'RIZAL YUDHA PRATAMA', NULL, 'TI22A7', 220103212, '08886811796', '3220de3e0443d66d677e43dddda1fdd8.pdf', '1b74040129ac06d063a794cd2ef5d9c9.pdf', '36dd2276b65f9d3360ca2a2a0f8026df.pdf', 1),
(19, 'Rohmad Rifa Ardianto', NULL, 'TI22A1', 220103028, '081578345570', '744c801b2a4b3ecc0976c307973760d0.pdf', 'ad64af60f556ed8bcda1b9f324621a2d.pdf', 'fd1373dec741bad6c70f556906ebdaac.pdf', 1),
(20, 'ROHMAD RAFI NARFANDI', NULL, 'TI22A1', 220103031, '085879510051', 'c35bd62ed9f424da19c77d7734348096.pdf', '0cf7215849ed30858b751db56e56bef7.pdf', 'adba32209db43a09611365df78006ede.pdf', 1),
(21, 'Agil Bakhtiar', NULL, 'TI22A6', 220103171, '081466839544', 'c199eac882ae237a2e9bfcf5ac26bd8a.docx', '20220831_191230_0000.png', 'bb52781243405f0d5a78ea6c9432a91e.pdf', 1),
(22, 'tigar riski septiono', NULL, 'TI22A1', 220103039, '08818758191', 'ee4c3389c65d1ac2b808597c6ed8a8f2.docx', '3c54d9fbdf480acaeecd476ee1a9cbd0.docx', '2ad35d72bc377cdd9218231734ba368d.pdf', 1),
(23, 'Muhammad Habib rifai ', NULL, 'TI22A1', 220103022, '081511276987', '10bee46f4deaab90e09762435ab83d1e.docx', '20221010_113016_0000.png', 'c760f6bc4e41b890603eefcf0a2a3870.pdf', 1),
(24, 'IRFAN NUR SOFIYANTO', NULL, 'TI22A6', 220103179, '085172000366', 'e217b94433b76c926d0ccce5b08e847d.pdf', '615991a1f31bea16ec599d6f8d5a8d9c.pdf', 'fd5852f274e6620189dd88703f5259da.pdf', 1),
(25, 'NANDITA SEKAR SUKMA DEWI', NULL, 'TI22A1', 220103030, '089521915084', '3780ed1a266aa13a7a0f48037c8dc08f.docx', 'WhatsApp Image 2022-10-11 at 10_39_21.jpeg', '7b191b891e76910fb4361002e98a1dc0.pdf', 2),
(26, 'Galang Prambudi Raka Kusuma ', NULL, 'TI22A1', 220103016, '081393659693', 'd1d7de3d7c640b49e9f1490c0f8de632.DOCX', '20221011_174121_0000.png', '100f577f4bd7bcb9310c2ea02a98dbe6.pdf', 1),
(27, 'Ira Fitri Chorliana Dewi ', NULL, 'TI22A5', 220103155, '081548219163', 'f47439ea37f68e7b480f64a218bf0972.pdf', '215a19fe401e348bc009f110fc54fb2f.pdf', '2a9b0c907a9c361def7a15dc78d20f6c.pdf', 1),
(28, 'AHMAD DIA ULHAQ', NULL, 'TI21A3', 210103085, '082387728564', '87449be7c0124ba68e58058df40821fa.pdf', 'e005eaca438e0bc75b34ee46bf8e1b33.pdf', 'e112f315c93d754973c60a3b9fbc22ec.pdf', 1),
(29, 'Nur Cahyo Nugroho', NULL, 'TI21A3', 210103212, '082226029379', '98a4500f019a490a3f0105207214c232.pdf', '94d2e81da754ffb176b78dc6785098be.pdf', '9340aeb8b7c01a2d066f0e9245d5f63f.pdf', 1),
(30, 'AHMAD DIA ULHAQ', NULL, 'TI21A3', 210103085, '082387728564', 'f227a63c486687dd7c89b49273afb2b7.pdf', 'caa0cbf71c96e3e79e3a942c64bc3a75.pdf', '86cabfc37421bf30cd375caaed237034.pdf', 2),
(31, 'Aldio Tri Bangkit Sanjaya ', NULL, 'TI22A1 ', 220103002, '087832480080', '', 'fadbe7b1743b58527fa81668bf8a21e0.pdf', '7806d38777b38caa5c6f37f7f9bff3f6.pdf', 1),
(32, 'Rafiq Satria Yudha', NULL, 'TI22A7', 220103200, '082241835010', 'bf117cfb59d3750c31dfa53f8d29bb28.pdf', '1e578b14bada62f3288e3c92eac85ef5.pdf', '9849596edb04af741097d566ff8fdc7b.pdf', 1),
(33, 'Timotius Fergiwana Noel Sabekti ', NULL, 'TI22A2', 220103078, '081266766765', '85dbfd1d5cd6c3889e02ad547e66c65d.DOCX', '1_20221009_160940_0000.png', '6795170803407a97072c031e79634eba.pdf', 0),
(34, 'Daniel Ferdinand H', NULL, 'TI21A3', 210103211, '0895384194700', 'aee09e14ed9788a3658e9ea47cdc0f38.pdf', 'e31f1aeb6b0c6ab23b78b8902821c582.pdf', '9e5b1677f5830b2189e8b185b3c0a520.pdf', 2),
(35, 'Satria Andara Putra', NULL, 'TI22A4', 220103137, '081246511470', 'ef04c47b287f7108f62c6e176288e8e6.pdf', '34a9f4d6d175cb0a4a29cc9716c0b488.pdf', '43dc43a10dae79169693de88e84aef9f.pdf', 0),
(36, 'Januar Putra Wicaksana ', NULL, 'TI22A2', 220103061, '085602834120', '8e9c73584dec2a5631db25b19ae39bcf.DOCX', '20221010_205040_0000.png', '94c99e04c7c3fe71b18987c111fc18f1.pdf', 0),
(37, 'Rahmad Rifa Ardianto', NULL, 'TI22A1', 220103028, '081578345570', '26b253c94109f4586ac2beca6490f149.pdf', '647805e0ea837f797f6921eb9cd5b6eb.pdf', 'e6107b58c546f09555bb8df2dd81640d.pdf', 0),
(38, 'PIPIN TRI HASTUTI', NULL, 'TI22A1', 220103032, '085848310335', '6a9ed27f92743d73d94d1a3a11c06559.pdf', 'ebafab831f64bb1d97fd4ea5160779bd.pdf', '8a4ecff5b70f8950d569eaaea059e75a.pdf', 2),
(39, 'Jupriola Jeskris Soleman Tualaka', NULL, 'TI22A2', 220103062, '088981087608', 'c27cdcd829522f673f4d9927d00a56f0.DOCX', 'IMG-20221014-WA0001.jpg', 'KRS_UDB-220103062-JUPRIOLA JESKRIS SOLEMAN TUALAKA (1)_pdf.h', 0),
(40, 'Latief Prayoga Yudhi Putra', NULL, 'TI22A6', 220103180, '087812942756', 'd37ed66305bdd438bad82465ea9b0bf8.DOCX', '20220831_171245_0000.png', '67c64868d8036dd7c2218913b64e3c3b.pdf', 0),
(41, 'VERNANDO BASTIAR', NULL, 'TI21A3', 210103214, '089506440366', 'd101a39c13570d29f6a92cd323038eb4.DOCX', '20221014_124103_0000.png', 'Screenshot_2022-10-14-12-27-21-55_40deb401b9ffe8e1df2f1cc5ba', 0),
(42, 'JAUZA KENAR INDRA FAWAID', NULL, 'TI22A3', 220103095, '087733956352', 'a427113457ddc35dbdc8eb65606f056d.pdf', '2fed97d7fa881874c33725f572f46a02.pdf', '3b4560827c739f08b21a2de1dbf22029.pdf', 0),
(43, 'SYAFRILLAH ASTRO', NULL, 'TI22A1', 220103038, '082236837459', '8c70af584d00777a4db8c71f23843c76.docx', '8eacaa97186f74e35e56c659322516c1.docx', '355a4ce8953ff5e11e54c1eb52b6205f.docx', 0),
(44, 'Arif Budi Suryono', NULL, 'TI21A3', 210103090, '085642421457', '1bf652eedb84bd9d4ffce0c844d9cf77.pdf', 'e15ceb83a2c19a848b8201b4ac972a2d.pdf', '4e4a2e350d4bce3ecd4455a2f96b6e93.pdf', 0),
(45, 'SRI LESTARI', NULL, 'TI22A1', 220103037, '083128566649', 'b1d6e7646cab050c5a01135110ee314d.pdf', 'e35767148a61fe81638018dcc328e980.pdf', '9b1a3240fd3e46910aa591c3c3353517.pdf', 2),
(46, 'Ayudia Sekar Kedaton', NULL, 'TI22A5', 22010345, '082323287655', '01d6894cfa0e3787f3137e9d83b9492c.pdf', 'e5be72b47da132283b28a5fdc38fff72.pdf', '55c5e1b7462cf58b12ead20c5ef76682.pdf', 0),
(47, 'Febrian Sulistyo Budi', NULL, 'TI22A3', 220103091, '082125425719', '866e0b0e68bd9ee2234a380cb0f87de5.pdf', '6410603eb6dbace53ff4092f6463bbfc.pdf', 'f833a625ac1fe4a4052cd44eb7e089e8.pdf', 2),
(48, 'Muhammad Saifullah', NULL, 'TI22A6', 220103199, '081235765282', '128067781adce0ede87797d6c803fd35.pdf', '6a5f7570ad99395d57556b3b40789bd1.pdf', 'c097d0d43067d44516034cc6d6453150.pdf', 2),
(49, 'Ahmad Anjari', NULL, '22 TI A3', 220103082, '081393249863', '986626c9c6db51094b261796cbbf8c5d.pdf', '837fdd0c8d508c40149ce5503be0457c.pdf', 'd42234eb1c27e10cdf00d82dff0d6f63.pdf', 2),
(50, 'Ayudia Sekar Kedaton', NULL, 'TI22A5', 22010345, '082323287655', '8b9721b952578197ef747319870b6662.pdf', '73a60819a6a6a0d2462d0bd4921e994f.pdf', 'aa6b4b090ae405aed00e575b214b6ac7.pdf', 2),
(51, 'Eka Fitri Handayani', NULL, 'TI22A5', 220103149, '081809761691', '98655197511a2452cabcfe620c59e0a9.pdf', 'ddff2848fe0cdb2745027a47a3fd8b78.pdf', 'd2c677b9133285648c320dd973b29a0d.pdf', 0),
(52, 'YUYUN PRASTIWI', NULL, 'TI22A1', 220103041, '08983573658', '4723a127ae516a9acfe573307142c516.pdf', '9cd6c51713c19c5a2363d108d038d256.pdf', '9a1f5bd25c857aed525e8d395913ae8e.pdf', 0),
(53, 'AGUNG FRISKY ARDIANTO ', NULL, 'TI22A2', 220103044, '081230612104', '38f1bc95604155aeab39061f9843a10f.DOCX', '38f1bc95604155aeab39061f9843a10f.DOCX', '90fa6719cef39b982a32e852c2e60258.pdf', 0),
(54, 'Fajar Wahyu Hanafi', NULL, 'TI22A2', 220103057, '087721206692', '2802f63bb2500e619807063664fb86ad.pdf', '1d54370257d18cee65265fd10dc5b9c3.pdf', 'afbb43562be95babfe1a1f6e934a8dfb.pdf', 0),
(55, 'Awaludin untung arwanda', NULL, 'TI22A4', 220103117, '089518237108', '6b1f64345da3d3fe2e5c2f88fd7648c1.docx', 'b7ec2ebccb83be7aecf12cdaa42cc3da.docx', '9cf6180f73a5447fd4a8d33af142ab32.pdf', 0),
(56, 'Daffa Ebtra Satria', NULL, 'TI22A2', 220103052, '0895802780603', 'd63beebe797d232be7e89aef6ff33e21.docx', 'af42b26f2efb3fff0067bfbc128c9a87.pdf', 'KRS_UDB-220103052-DAFFA EBTRA SATRIA_pdf.html', 0),
(57, 'Rio Putra Brilian ', NULL, 'TI22A3', 220103104, '082235708867', '9dd23c07989dfede476cd31ca0f77bbc.pdf', 'e24b20924082083d96c810600e2db1b7.pdf', '80231920c8cd3770635c3b79d599aa2a.pdf', 0),
(58, 'Ilham', NULL, 'TI22A3', 220103094, '083841161917', '3674fa4fa38c60bdddb8c94763c0b973.DOCX', '22811aa72340056da853190b74c5f36b.pdf', '2613933e4c5a7dddbae0c756169e6fa3.pdf', 0),
(59, 'Kevin De Rafael Rio Aryanto', NULL, 'TI22A3', 220103096, '082133794445', 'b9a15eb05f3821df6ba9c5de9bbef775.pdf', 'ceb936ecfdd4e77218a972195ad6e908.pdf', '4d345539e9ca28a8296edb0c59d3c1a2.pdf', 0),
(60, 'Falih walen satria shakti', NULL, 'TI22A3', 220103090, '087733625154', 'a44f7fdfefad813344ff94058e1cda34.pdf', 'c739510061088f10b6cddb13ec5a79d7.pdf', 'ec9883d71befbe947ced7b700f7c7240.pdf', 0),
(61, 'Ilham YF', NULL, 'TI22A3', 220103094, '083841161917', '25f67a01d8eb3f2a23e89a3d94aeb951.pdf', '7d0b66e763731b903abde17747a08512.pdf', '139de01105fc23530983dd57ad537c64.pdf', 0),
(62, 'NAFI MAULA RIF\'AT', NULL, 'TI22A6', 220103183, '085727306531', '804f40dfc0a0827d7a0b3f65848cc7a7.docx', '0285315d4fa92e72d1e3352503c4b5d9.pdf', 'a2a8c9886b32ede12a0ebfbcf30ceca3.pdf', 0),
(63, 'Akmal putra pratama', NULL, 'TI22A6', 220103193, '085708271569', '8e1709370aa469236e36e8e299b6a362.docx', 'd4fe5f41a70ce412b18cbe87fe7d6d01.pdf', '8adddd6de771bdcb51ba4d92b9ac5aa0.pdf', 1),
(64, 'Nafi Maula Rif\'at', NULL, 'TI22A6', 220103183, '085727306531', '907fa358c70da6e7b629358c5aeb4399.docx', '1d08432e42641bfd7d80bf5717724220.pdf', 'f74c2164800e691710fe567e767d779a.pdf', 0),
(65, 'Dega felix ivanusi', NULL, 'TI22A2', 220103053, '0859159938929', 'e2470c57d260a1ffb6b83965be14ae80.pdf', '14e3f5545dfc80a211667a74439a18b1.pdf', '393f9e04a23518f4136875508c7686e1.pdf', 0),
(66, 'ARSANDY VIDYA GUPTA PRADANA', NULL, 'TI22A2', 220103050, '0895347260743', 'ARSANDY VIDYA GP.pdf', 'JIPI CV.pdf', '60f0246f9680723b00a6fb69d9e78418.pdf', 0),
(67, 'Ilham Amani Saiful Haq', NULL, 'TI22A2', 22103060, '081225673273', 'Ilham.pdf', 'Ilham CV.pdf', '39292a6adfdfb01b9883c658dc812f3a.pdf', 0),
(68, 'ABDUL HAFID ASSIDIQ', NULL, 'TI20A1', 200103116, '085645297912', '676cef9cdd76536afa3b70ddfba299d1.docx', 'cv-me.jpg', '5356229317e73773014f6081b9708211.pdf', 1),
(69, 'Abdul Hafid Assidiq', NULL, 'TI20A1', 200103116, '085645297912', '98de69279761eb024186079712be5de1.pdf', '85ef9c9cc2cfbcff6be3d76df0a279a7.pdf', '8762624c7c4812c92a2a26dc3116a03e.pdf', 2),
(70, 'Bagus Adi Nugroho', NULL, 'TI20A1', 200103003, '085712710998', '6a7f08b2e6c90182eebe32259df068c0.pdf', '475a69dc77533b901f268a9dbc5a63d2.pdf', '51baf34b65d3845922a4a08a45af761d.pdf', 0),
(71, 'Restu Gilang Wijanarko', NULL, 'TI20A4', 200103109, '089654590541', '910c7df25671dfe3c36d7d3cd0800523.pdf', '6efd89b5f90133030ef039ab17b13575.pdf', '5f30cae0cbd29f87e7fd0b12581437db.pdf', 1),
(72, 'Wihan Prakasa Nugraha', NULL, '22TIA4', 123, '085702376814', NULL, NULL, NULL, 1);

-- --------------------------------------------------------

--
-- Struktur dari tabel `h_oprekk`
--

CREATE TABLE `h_oprekk` (
  `id_oprek` int(4) NOT NULL,
  `nama` varchar(40) DEFAULT NULL,
  `email` varchar(40) DEFAULT NULL,
  `kelas` varchar(8) DEFAULT NULL,
  `nim` int(10) DEFAULT NULL,
  `noHp` varchar(15) DEFAULT NULL,
  `formulir_pen` varchar(100) DEFAULT NULL,
  `cv` varchar(100) DEFAULT NULL,
  `krs` varchar(100) DEFAULT NULL,
  `statuss` int(1) DEFAULT NULL
) ENGINE=InnoDB DEFAULT CHARSET=latin1 COLLATE=latin1_swedish_ci;

--
-- Dumping data untuk tabel `h_oprekk`
--

INSERT INTO `h_oprekk` (`id_oprek`, `nama`, `email`, `kelas`, `nim`, `noHp`, `formulir_pen`, `cv`, `krs`, `statuss`) VALUES
(1, 'Jofan Fathurahman', NULL, 'TI20A4', 201003100, '085702376814', '70ea01ae506d3de78f40be647fdd1476.pdf', '2352b4b7f06e00e52ab95905fe4de7ef.pdf', 'fdea47c4e4a0f94b6627422049b76831.pdf', NULL),
(2, 'Jofan Fathurahman', NULL, 'TI20A4', 201003103, '085702376814', 'fdacd4056c7c2474331de4549487ef2f.pdf', '03a019685f3c2a218d60c11e30f58065.pdf', '9c0fcbb049d0724499a4fa957284481c.pdf', NULL),
(3, 'Jofan Fathurahman', NULL, 'TI20A4', 201003102, '085702376814', 'a301d746fd77ccc90487d30642965e1c.pdf', '5e68a60310d42039bb349d800e18a2a5.pdf', '8e1fa10a3db8fcb20c0fb9e5dbb8c490.pdf', NULL);

-- --------------------------------------------------------

--
-- Struktur dari tabel `h_panitia`
--

CREATE TABLE `h_panitia` (
  `id_panitia` int(11) NOT NULL,
  `email` varchar(255) NOT NULL DEFAULT '',
  `id_event` int(12) NOT NULL DEFAULT 0,
  `peran` varchar(255) NOT NULL DEFAULT ''
) ENGINE=InnoDB DEFAULT CHARSET=utf8mb4 COLLATE=utf8mb4_general_ci;

--
-- Dumping data untuk tabel `h_panitia`
--

INSERT INTO `h_panitia` (`id_panitia`, `email`, `id_event`, `peran`) VALUES
(25, '190103161@fikom.udb.ac.id', 1624963850, 'Ketua Panitia'),
(26, '202030335@mhs.udb.ac.id', 1624963850, 'Sekretaris'),
(27, '190103117@fikom.udb.ac.id', 1624963850, 'Sie Acara 1'),
(28, '190103168@fikom.udb.ac.id', 1624963850, 'Sie Acara 2'),
(29, 'yulidar_maulana@fikom.udb.ac.id', 1624963850, 'Sie Acara 3'),
(30, '190103028@fikom.udb.ac.id', 1624963850, 'Sie Humas 1'),
(31, 'arif_eko@fikom.udb.ac.id', 1624963850, 'Sie Humas 2'),
(32, '202030275@mhs.udb.ac.id', 1624963850, 'Sie PDD 1'),
(33, '202020270@mhs.udb.ac.id', 1624963850, 'Sie PDD 2'),
(34, '202030334@mhs.udb.ac.id', 1624963850, 'Sie PDD 3'),
(35, 'matin_muhith@fikom.udb.ac.id', 1624963850, 'Moderator'),
(39, 'rifqi_firdausi@fikom.udb.ac.id', 1624965855, 'Ketua Panitia'),
(40, '202030335@mhs.udb.ac.id', 1624965855, 'Sekretaris'),
(41, 'pipin_yulanda@fikom.udb.ac.id', 1624965855, 'Bendahara'),
(42, 'arif_eko@fikom.udb.ac.id', 1624965855, 'Sie Acara 1'),
(43, '202020685@mhs.udb.ac.id', 1624965855, 'Sie Acara 2'),
(44, '190103161@fikom.udb.ac.id', 1624965855, 'Sie Humas 1'),
(45, '190103117@fikom.udb.ac.id', 1624965855, 'Sie Humas 2'),
(46, '202020270@mhs.udb.ac.id', 1624965855, 'Sie Dokumentasi 1'),
(47, '190103168@fikom.udb.ac.id', 1624965855, 'Sie Dokumentasi 2'),
(48, '190103028@fikom.udb.ac.id', 1624965855, 'Sie Konsumsi'),
(49, '190103168@fikom.udb.ac.id', 1624965855, 'Sie Keamanan'),
(50, 'widi_dwi@fikom.udb.ac.id', 1624965855, 'Pembantu Umum'),
(52, 'yulidar_maulana@fikom.udb.ac.id', 1624965855, 'Pembantu Umum'),
(53, 'matin_muhith@fikom.udb.ac.id', 1624965855, 'Moderator'),
(54, '190103161@fikom.udb.ac.id', 1624000000, 'Ketua Panitia'),
(55, '202030335@mhs.udb.ac.id', 1624000000, 'Sekretaris'),
(56, '190103117@fikom.udb.ac.id', 1624000000, 'Sie Acara 1'),
(57, '190103168@fikom.udb.ac.id', 1624000000, 'Sie Acara 2'),
(58, 'yulidar_maulana@fikom.udb.ac.id', 1624000000, 'Sie Acara 3'),
(59, '190103028@fikom.udb.ac.id', 1624000000, 'Sie Humas 1'),
(60, '202020685@mhs.udb.ac.id', 1624000000, 'Sie Humas 2'),
(61, '202030275@mhs.udb.ac.id', 1624000000, 'Sie PDD 1'),
(62, '202020270@mhs.udb.ac.id', 1624000000, 'Sie PDD 2'),
(63, '202030334@mhs.udb.ac.id', 1624000000, 'Sie PDD 3'),
(64, 'matin_muhith@fikom.udb.ac.id', 1624000000, 'Moderator'),
(65, 'rifqi_firdausi@fikom.udb.ac.id', 1631788051, 'Ketua Panitia'),
(66, '202030335@mhs.udb.ac.id', 1631788051, 'Sekretaris'),
(67, '190103168@fikom.udb.ac.id', 1631788051, 'Sie Acara 1'),
(68, '190103161@fikom.udb.ac.id', 1631788051, 'Sie Acara 2'),
(69, '202020685@mhs.udb.ac.id', 1631788051, 'Sie Acara 3'),
(70, '190103117@fikom.udb.ac.id', 1631788051, 'Sie Humas 1'),
(71, '190103028@fikom.udb.ac.id', 1631788051, 'Sie Humas 2'),
(72, '202030275@mhs.udb.ac.id', 1631788051, 'Sie PDD'),
(73, '202020270@mhs.udb.ac.id', 1631788051, 'Sie PDD 2'),
(74, 'matin_muhith@fikom.udb.ac.id', 1631788051, 'Moderator'),
(75, '202020685@mhs.udb.ac.id', 1631028424, 'Ketua Panitia'),
(76, '202030335@mhs.udb.ac.id', 1631028424, 'Sekretaris'),
(77, '190103168@fikom.udb.ac.id', 1631028424, 'Sie Acara 1'),
(78, '190103117@fikom.udb.ac.id', 1631028424, 'Sie Acara 2'),
(79, 'yulidar_maulana@fikom.udb.ac.id', 1631028424, 'Sie Acara 3'),
(80, '190103161@fikom.udb.ac.id', 1631028424, 'Sie Humas 1'),
(81, '190103028@fikom.udb.ac.id', 1631028424, 'Sie Humas 2'),
(82, '202030275@mhs.udb.ac.id', 1631028424, 'Sie PDD 1'),
(83, '202020270@mhs.udb.ac.id', 1631028424, 'Sie PDD 2'),
(84, 'matin_muhith@fikom.udb.ac.id', 1631028424, 'Moderator'),
(85, 'andreas_abi@fikom.udb.ac.id', 1624965855, 'Sie Acara 3'),
(86, '190103168@fikom.udb.ac.id', 1624965855, 'Sie Perkab'),
(87, '202020270@mhs.udb.ac.id', 1624965855, 'Sie Perkab'),
(88, 'arif_eko@fikom.udb.ac.id', 1632658735, 'Ketua Panitia'),
(89, 'rifqi_firdausi@fikom.udb.ac.id', 1632658735, 'Koordinator Lapangan'),
(90, '202030335@mhs.udb.ac.id', 1632658735, 'Sekretaris'),
(91, 'pipin_yulanda@fikom.udb.ac.id', 1632658735, 'Bendahara'),
(92, '190103168@fikom.udb.ac.id', 1632658735, 'Sie Acara'),
(93, '190103161@fikom.udb.ac.id', 1632658735, 'Sie Acara'),
(94, '202030334@mhs.udb.ac.id', 1632658735, 'Sie Acara'),
(95, '202030275@mhs.udb.ac.id', 1632658735, 'Sie Perlengkapan'),
(96, '190103028@fikom.udb.ac.id', 1632658735, 'Sie Perlengkapan'),
(97, '190103117@fikom.udb.ac.id', 1632658735, 'Sie Humas'),
(98, '202020685@mhs.udb.ac.id', 1632658735, 'Sie Humas'),
(99, 'yulidar_maulana@fikom.udb.ac.id', 1632658735, 'Sie Pdd'),
(100, '202020270@mhs.udb.ac.id', 1632658735, 'Sie Pdd'),
(101, '190103168@fikom.udb.ac.id', 1632658735, 'Moderator'),
(102, '190103161@fikom.udb.ac.id', 1635135455, 'Ketua Panitia'),
(103, 'rifqi_firdausi@fikom.udb.ac.id', 1637043275, 'Ketua Panitia'),
(104, '202030335@mhs.udb.ac.id', 1637043275, 'Sekertaris'),
(105, '202020685@mhs.udb.ac.id', 1637043275, 'Sie Acara'),
(106, '190103161@fikom.udb.ac.id', 1637043275, 'Sie Acara'),
(107, '202030275@mhs.udb.ac.id', 1637043275, 'Sie Pdd'),
(108, '202020685@mhs.udb.ac.id', 1642779253, 'Ketua Panitia'),
(109, '190103168@fikom.udb.ac.id', 1642779253, 'Moderator'),
(120, '202021210@mhs.udb.ac.id', 1642779253, 'Sekretaris'),
(121, '202040242@mhs.udb.ac.id', 1642779253, 'Sie Acara'),
(122, '202020430@mhs.udb.ac.id', 1642779253, 'Sie Acara'),
(123, '202020602@mhs.udb.ac.id', 1642779253, 'Sie Acara'),
(124, '202030304@mhs.udb.ac.id', 1642779253, 'Sie Acara'),
(125, '202030299@mhs.udb.ac.id', 1642779253, 'Sie PDD'),
(126, '202020870@mhs.udb.ac.id', 1642779253, 'Sie PDD'),
(127, '202020161@mhs.udb.ac.id', 1642779253, 'Sie Humas'),
(128, '202021110@mhs.udb.ac.id', 1642779253, 'Sie Humas'),
(129, '202040242@mhs.udb.ac.id', 1644765095, 'Ketua Panitia'),
(130, '202030337@mhs.udb.ac.id', 1644765095, 'Moderator'),
(131, '202021210@mhs.udb.ac.id', 1644765095, 'Sekretaris'),
(132, '202030304@mhs.udb.ac.id', 1644765095, 'Sie Acara'),
(133, '202020161@mhs.udb.ac.id', 1644765095, 'Sie Acara'),
(134, '202030119@mhs.udb.ac.id', 1644765095, 'Sie Acara'),
(135, '210103083@mhs.udb.ac.id', 1644765095, 'Sie Acara'),
(136, '202020870@mhs.udb.ac.id', 1644765095, 'Sie PDD'),
(137, '202021050@mhs.udb.ac.id', 1644765095, 'Sie PDD'),
(138, '210103025@mhs.udb.ac.id', 1644765095, 'Sie PDD'),
(139, '202020685@mhs.udb.ac.id', 1644765095, 'Sie Humas'),
(140, '202021110@mhs.udb.ac.id', 1644765095, 'Sie Humas'),
(141, '202020430@mhs.udb.ac.id', 1645334027, 'Ketua Panitia'),
(142, '190103168@fikom.udb.ac.id', 1645334027, 'Koordinator Lapangan'),
(143, '202021210@mhs.udb.ac.id', 1645334027, 'Sekretaris'),
(144, '202030335@mhs.udb.ac.id', 1645334027, 'Sekretaris'),
(145, '210103083@mhs.udb.ac.id', 1645334027, 'Bendahara'),
(146, '202020685@mhs.udb.ac.id', 1645334027, 'Sei Acara'),
(147, '190103060@fikom.udb.ac.id', 1645334027, 'Sei Acara'),
(148, '202030247@mhs.udb.ac.id', 1645334027, 'Sei Acara'),
(150, '202030275@mhs.udb.ac.id', 1645334027, 'Sei Perkab'),
(151, '202030299@mhs.udb.ac.id', 1645334027, 'Sei Perkab'),
(152, '202030304@mhs.udb.ac.id', 1645334027, 'Humas'),
(153, '202021110@mhs.udb.ac.id', 1645334027, 'Humas'),
(154, '202020270@mhs.udb.ac.id', 1645334027, 'PDD'),
(155, '202021050@mhs.udb.ac.id', 1645334027, 'PDD'),
(156, '190103168@fikom.udb.ac.id', 1645334027, 'Moderator'),
(157, '202020602@mhs.udb.ac.id', 1647738905, 'Ketua Panitia'),
(158, '202021110@mhs.udb.ac.id', 1647738905, 'Moderator'),
(159, '202021210@mhs.udb.ac.id', 1647738905, 'Sekretaris'),
(160, '202020870@mhs.udb.ac.id', 1647738905, 'Sie PDD'),
(161, '202021050@mhs.udb.ac.id', 1647738905, 'Sie PDD'),
(162, '202030299@mhs.udb.ac.id', 1647738905, 'Sie PDD'),
(163, '202040242@mhs.udb.ac.id', 1647738905, 'Sie Acara'),
(164, '202030119@mhs.udb.ac.id', 1647738905, 'Sie Acara'),
(165, '202020270@mhs.udb.ac.id', 1647738905, 'Sie Acara'),
(166, '210103025@mhs.udb.ac.id', 1647738905, 'Sie Acara'),
(167, '202020161@mhs.udb.ac.id', 1647738905, 'Sie Humas'),
(168, '202030335@mhs.udb.ac.id', 1647738905, 'Sie Humas'),
(169, '202020161@mhs.udb.ac.id', 1658416276, 'Ketua Panitia'),
(170, '202020270@mhs.udb.ac.id', 1658416276, 'Moderator'),
(171, '202021210@mhs.udb.ac.id', 1658416276, 'Sekretaris'),
(173, '202021173@mhs.udb.ac.id', 1658416276, 'Sie PDD'),
(174, '202030337@mhs.udb.ac.id', 1658416276, 'Sie PDD'),
(175, '202020602@mhs.udb.ac.id', 1658416276, 'Sie Acara'),
(176, '202040242@mhs.udb.ac.id', 1658416276, 'Sie Acara'),
(177, '202020430@mhs.udb.ac.id', 1658416276, 'Sie Acara'),
(178, '202030304@mhs.udb.ac.id', 1658416276, 'Sie Acara'),
(179, '202030275@mhs.udb.ac.id', 1658416276, 'Sie Humas'),
(180, '202020685@mhs.udb.ac.id', 1658416276, 'Sie Humas'),
(181, '202040242@mhs.udb.ac.id', 1660966499, 'Ketua Panitia'),
(182, '202020270@mhs.udb.ac.id', 1660966499, 'Moderator'),
(183, '202021110@mhs.udb.ac.id', 1660966499, 'Moderator'),
(184, '202021210@mhs.udb.ac.id', 1660966499, 'Sekretaris'),
(185, '202021050@mhs.udb.ac.id', 1660966499, 'Sie PDD'),
(186, '202030275@mhs.udb.ac.id', 1660966499, 'Sie PDD'),
(187, '202030299@mhs.udb.ac.id', 1660966499, 'Sie PDD'),
(188, '202040241@mhs.udb.ac.id', 1660966499, 'Sie Acara'),
(189, '202020430@mhs.udb.ac.id', 1660966499, 'Sie Acara'),
(190, '202020602@mhs.udb.ac.id', 1660966499, 'Sie Acara'),
(191, '202020685@mhs.udb.ac.id', 1660966499, 'Sie Acara'),
(192, '202020161@mhs.udb.ac.id', 1660966499, 'Sie Humas'),
(193, '202030247@mhs.udb.ac.id', 1660966499, 'Sie Humas');

-- --------------------------------------------------------

--
-- Struktur dari tabel `h_pendaftar`
--

CREATE TABLE `h_pendaftar` (
  `id_pendaftar` varchar(50) NOT NULL DEFAULT '0',
  `email` varchar(500) DEFAULT '',
  `nama` varchar(500) DEFAULT '',
  `id_event` int(12) NOT NULL DEFAULT 0,
  `data_tambahan` text DEFAULT '',
  `kehadiran` varchar(50) DEFAULT '',
  `pembayaran` varchar(50) DEFAULT '',
  `bintang` tinyint(1) NOT NULL DEFAULT 0,
  `saran` varchar(500) DEFAULT '',
  `status` char(16) DEFAULT 'Unset',
  `waktu` datetime DEFAULT NULL
) ENGINE=InnoDB DEFAULT CHARSET=utf8mb4 COLLATE=utf8mb4_general_ci;

--
-- Dumping data untuk tabel `h_pendaftar`
--

INSERT INTO `h_pendaftar` (`id_pendaftar`, `email`, `nama`, `id_event`, `data_tambahan`, `kehadiran`, `pembayaran`, `bintang`, `saran`, `status`, `waktu`) VALUES
('HMPTI16326587351007', 'agungutamatkj@gmail.com', 'Agung Utama', 1632658735, '{\"No_HP\":\"081229434281\",\"Instansi\":\"Azana Hotels & Resorts\"}', '', 'pembayaran-3469720007-1632658735.jpg?1633408602', 0, '', 'Valid', '2021-10-05 11:36:42'),
('HMPTI16326587351160', 'putriasyada@gmail.com', 'Putri Nurul Azizah', 1632658735, '{\"No_HP\":\"081360667521\",\"Instansi\":\"Universitas Duta Bangsa Surakarta\"}', 'kehadiran-HMPTI16326587351160-1632658735.jpg?16337', 'pembayaran-1453354201-1632658735.jpg?1633686131', 5, 'Sudah baik', 'Valid', '2021-10-08 16:42:11'),
('HMPTI16326587351161', 'divaaurelia81@gmail.com', 'DIVA AURELIA KIRANA DEWATI', 1632658735, '{\"No_HP\":\"081548214246\",\"Instansi\":\"Universitas Duta Bangsa\"}', 'kehadiran-HMPTI16326587351161-1632658735.jpg?16337', 'pembayaran-2162900744-1632658735.jpg?1633686951', 5, 'Semoga kedepannya lebih bagus lagi', 'Valid', '2021-10-08 16:55:51'),
('HMPTI16326587351275', 'vita_sofia@fikom.udb.ac.id', 'VITA SOFIA PRIHATINI', 1632658735, '{\"No_HP\":\"081575895197\",\"Instansi\":\"Universitas Duta Bangsa Surakarta\"}', 'kehadiran-HMPTI16326587351275-1632658735.jpg?16337', 'pembayaran-2544783380-1632658735.jpg?1633694406', 5, 'Semoga kedepannya diadakan seminar dengan tema-tema yang lebih menarik', 'Valid', '2021-10-08 19:00:06'),
('HMPTI16326587351317', 'wijiastuti3210@gmail.com', 'Wiji Astuti', 1632658735, '{\"No_HP\":\"085600018110\",\"Instansi\":\"Universitas Duta Bangsa Surakarta\"}', 'kehadiran-HMPTI16326587351317-1632658735.jpg?16337', 'pembayaran-1837655151-1632658735.jpg?1633504195', 4, 'Terimakasih telah mengadakan acara yang bermanfaat... penyampaian materinya mudah dipahami,', 'Valid', '2021-10-06 14:09:55'),
('HMPTI16326587351471', 'nugroho_dwi@fikom.udb.ac.id', 'NUGROHO DWI PRASETYO', 1632658735, '{\"No_HP\":\"+6281359500873\",\"Instansi\":\"Universitas Duta Bangsa Surakarta\"}', 'kehadiran-HMPTI16326587351471-1632658735.jpg?16337', 'pembayaran-354946034-1632658735.jpg?1633692673', 5, 'Sudah bagus', 'Valid', '2021-10-08 18:31:13'),
('HMPTI16326587351616', 'amiliaayulala@gmail.com', 'Amilia Ayu Lala Kusumaningtyas', 1632658735, '{\"No_HP\":\"081391003358\",\"Instansi\":\"Universitas Duta Bangsa\"}', 'kehadiran-HMPTI16326587351616-1632658735.jpg?16337', 'pembayaran-3071708596-1632658735.jpg?1633503302', 5, 'Semoga bisa menjadi lebih baik dan semakin baik ke depannya', 'Valid', '2021-10-06 13:55:02'),
('HMPTI16326587351634', 'amali123rosyida@gmail.com', 'Amali Rosyida Daud', 1632658735, '{\"No_HP\":\"089658725930\",\"Instansi\":\"UIN RMS\"}', 'kehadiran-HMPTI16326587351634-1632658735.jpg?16337', 'pembayaran-4149919031-1632658735.jpg?1633605928', 5, 'Semoga lebih baik kedepannya', 'Valid', '2021-10-07 18:25:28'),
('HMPTI16326587351929', '202030293@mhs.udb.ac.id', 'Rendi Enggar Bintang Pratama', 1632658735, '{\"No_HP\":\"083866605590\",\"Instansi\":\"Teknik Informatika UDB\"}', 'kehadiran-HMPTI16326587351929-1632658735.jpg?16337', 'pembayaran-1202470896-1632658735.jpg?1633590710', 5, 'terimakasih', 'Valid', '2021-10-07 14:11:50'),
('HMPTI16326587352019', '202030299@mhs.udb.ac.id', 'Muhammad Nur Ikhsanuddin', 1632658735, '{\"No_HP\":\"085156815391\",\"Instansi\":\"Teknik Informatika Universitas Duta Bangsa\"}', 'kehadiran-HMPTI16326587352019-1632658735.jpg?16337', 'pembayaran-4269851157-1632658735.jpg?1633511748', 3, 'mungkin management waktunya supaya bisa lebih baik', 'Valid', '2021-10-06 16:15:48'),
('HMPTI16326587352250', 'muhammad.khovivul.anam@gmail.com', 'Muhammad Khovivul Anam', 1632658735, '{\"No_HP\":\"088806208716\",\"Instansi\":\"Universitas Duta Bangsa\"}', 'kehadiran-HMPTI16326587352250-1632658735.jpg?16337', 'pembayaran-620476618-1632658735.jpg?1633657354', 5, 'Sudah baik untuk penyelenggaraan event webinar kali ini. Untuk panitia terimakasih dan tetap semangat untuk hal hal baik.', 'Valid', '2021-10-08 08:42:34'),
('HMPTI16326587352366', 'ezra_eka@fikom.udb.ac.id', 'EZRA EKA SETIAWAN', 1632658735, '{\"No_HP\":\"085328897378\",\"Instansi\":\"Universitas Duta Bangsa\"}', 'kehadiran-HMPTI16326587352366-1632658735.jpg?16337', 'pembayaran-2250340790-1632658735.jpg?1633689896', 5, 'Tidak ada saran dri saya', 'Valid', '2021-10-08 17:44:56'),
('HMPTI1632658735238', 'wibowoarisusanto123@gmail.com', 'Wibowo Ari Susanto', 1632658735, '{\"No_HP\":\"082141152947\",\"Instansi\":\"Universitas Duta Bangsa\"}', 'kehadiran-HMPTI1632658735238-1632658735.jpg?163375', 'pembayaran-1525570589-1632658735.jpg?1633410442', 5, 'Informasi cukup berguna, cuma terkendala waktu aja yang singkat', 'Valid', '2021-10-05 12:07:22'),
('HMPTI1632658735244', '202030010@mhs.udb.ac.id', 'JULYAN DANU CAHYA', 1632658735, '{\"No_HP\":\"085647172825\",\"Instansi\":\"Universitas Duta Bangsa Surakarta\"}', 'kehadiran-HMPTI1632658735244-1632658735.jpg?163375', 'pembayaran-289271540-1632658735.jpg?1633406182', 3, 'great', 'Valid', '2021-10-05 10:56:22'),
('HMPTI16326587352644', 'dearyantowibowo@gmail.com', 'Aryanto', 1632658735, '{\"No_HP\":\"082260555546\",\"Instansi\":\"UDB Surakarta\"}', 'kehadiran-HMPTI16326587352644-1632658735.jpg?16337', 'pembayaran-2595568048-1632658735.jpg?1633618824', 5, '.', 'Valid', '2021-10-07 22:00:24'),
('HMPTI16326587352755', '210103184@mhs.udb.ac.id', 'BENEDICTUS AURIEL DERYL IVAN JATMIKO', 1632658735, '{\"No_HP\":\"081383955775\",\"Instansi\":\"Universitas Duta Bangsa\"}', 'kehadiran-HMPTI16326587352755-1632658735.jpg?16337', 'pembayaran-4167396464-1632658735.jpg?1633665603', 5, 'materinya berguna karena menambah pengetahuan tentang bagaimana menangani suatu kasus cyber security', 'Valid', '2021-10-08 11:00:03'),
('HMPTI16326587352915', 'theodoruspurnama@gmail.com', 'Theodorus Asa Wahyu Purnama', 1632658735, '{\"No_HP\":\"081882824323\",\"Instansi\":\"UDB surakarta\"}', 'kehadiran-HMPTI16326587352915-1632658735.jpg?16337', 'pembayaran-1032679754-1632658735.jpg?1633496192', 5, 'memberikan gambar lebih banyak kepada audience', 'Valid', '2021-10-06 11:56:32'),
('HMPTI16326587352989', 'bungastari5@gmail.com', 'Bunga Stari Sri Sudarna', 1632658735, '{\"No_HP\":\"+62 812-2873-9681\",\"Instansi\":\"UNIVERSITAS DUTA BANGSA\"}', 'kehadiran-HMPTI16326587352989-1632658735.jpg?16337', 'pembayaran-4236703270-1632658735.jpg?1633701825', 5, 'Keren sangat jelas', 'Valid', '2021-10-08 21:03:45'),
('HMPTI16326587353062', 'hamzahakbar17@gmail.com', 'Hamzah Akbar Pratama', 1632658735, '{\"No_HP\":\"085920531116\",\"Instansi\":\"Universitas Duta Bangsa\"}', 'kehadiran-HMPTI16326587353062-1632658735.jpg?16337', 'pembayaran-540839060-1632658735.jpg?1633687398', 5, 'Sangat baik', 'Valid', '2021-10-08 17:03:18'),
('HMPTI16326587353247', 'aura_dewi@fikom.udb.ac.id', 'AURA DEWI ARAFURU', 1632658735, '{\"No_HP\":\"088216499039\",\"Instansi\":\"Universitas Duta Bangsa Surakarta\"}', '', 'pembayaran-755033711-1632658735.jpg?1633625886', 5, 'Baik', 'Valid', '2021-10-07 23:58:06'),
('HMPTI16326587353259', 'jundy.m.shidiq@gmail.com', 'Jundy M Shidiq', 1632658735, '{\"No_HP\":\"085325026144\",\"Instansi\":\"Mahasiswa UDB\"}', 'kehadiran-HMPTI16326587353259-1632658735.jpg?16337', 'pembayaran-2291994403-1632658735.jpg?1633683606', 5, 'sukses selalu', 'Valid', '2021-10-08 16:00:06'),
('HMPTI16326587353339', '202020976@mhs.udb.ac.id', 'Lidia Earlene Rendhiva', 1632658735, '{\"No_HP\":\"089648319113\",\"Instansi\":\"Universitas Duta bangsa\"}', 'kehadiran-HMPTI16326587353339-1632658735.jpg?16337', 'pembayaran-4057683888-1632658735.jpg?1633611419', 5, 'Bagus', 'Valid', '2021-10-07 19:56:59'),
('HMPTI16326587353426', 'alif_kurniansyah@fikom.udb.ac.id', 'ALIF KURNIANSYAH', 1632658735, '{\"No_HP\":\"085869120250\",\"Instansi\":\"Universitas Duta Bangsa Surakarta\"}', '', 'pembayaran-437650638-1632658735.jpg?1633589024', 0, '', 'Valid', '2021-10-07 13:43:44'),
('HMPTI16326587353430', 'nisanugra29@gmail.com', 'Khairun Nisak Nugrahani', 1632658735, '{\"No_HP\":\"0895387374927\",\"Instansi\":\"Universitas Duta Bangsa\"}', 'kehadiran-HMPTI16326587353430-1632658735.jpg?16337', 'pembayaran-2118498123-1632658735.jpg?1633597014', 5, 'lebih semangat', 'Valid', '2021-10-07 15:56:54'),
('HMPTI16326587353435', 'difanagra@gmail.com', 'Difan Agra Susilo', 1632658735, '{\"No_HP\":\"082328818497\",\"Instansi\":\"Universitas Duta Bangsa Surakarta\"}', 'kehadiran-HMPTI16326587353435-1632658735.jpg?16337', 'pembayaran-639425298-1632658735.jpg?1633607945', 5, 'Bagussss', 'Valid', '2021-10-07 18:59:05'),
('HMPTI163265873535104', 'dyasarya06@gmail.com', 'DIAZ ARYA SATYA PRATAMA', 1632658735, '{\"No_HP\":\"085752436692\",\"Instansi\":\"UNIVERSITAS DUTA BANGSA\"}', 'kehadiran-HMPTI163265873535104-1632658735.jpg?1633', 'pembayaran-1752269382-1632658735.jpg?1633746588', 5, 'Webinar yg bagus menarik dan menambah wawasan????', 'Valid', '2021-10-09 09:29:48'),
('HMPTI16326587353854', '210103177@mhs.udb.ac.id', 'ALVA DE CHRISTO MAHAPATTI WENNO', 1632658735, '{\"No_HP\":\"082220477856\",\"Instansi\":\"Universitas Duta Bangsa\"}', 'kehadiran-HMPTI16326587353854-1632658735.jpg?16337', 'pembayaran-3606610502-1632658735.jpg?1633663784', 5, 'Terima kasih atas informasi tentang lingkungan cyber yang ada di indonesia', 'Valid', '2021-10-08 10:29:44'),
('HMPTI16326587353936', 'ssatriadhamar@gmail.com', 'Satria Dhamar Djati Lambang', 1632658735, '{\"No_HP\":\"081326307591\",\"Instansi\":\"Universitas Duta Bangsa\"}', 'kehadiran-HMPTI16326587353936-1632658735.jpg?16337', 'pembayaran-4232912434-1632658735.jpg?1633608710', 4, 'Semangat kakak', 'Valid', '2021-10-07 19:11:50'),
('HMPTI1632658735401', 'delvidwinky.z@gmail.com', 'delvi dwinky zutami', 1632658735, '{\"No_HP\":\"0895619877200\",\"Instansi\":\"bidlabfor polda sumsel\"}', 'kehadiran-HMPTI1632658735401-1632658735.jpg?163392', 'pembayaran-3267021745-1632658735.jpg?1633402444', 4, 'Maaf saya lupa screen shot (an delvi dwinky)', 'Valid', '2021-10-05 09:54:04'),
('HMPTI16326587354033', 'aditia41147@gmail.com', 'ADITIA', 1632658735, '{\"No_HP\":\"081369061535\",\"Instansi\":\"Universitas Duta Bangsa Surakarta\"}', 'kehadiran-HMPTI16326587354033-1632658735.jpg?16337', 'pembayaran-1971098226-1632658735.jpg?1633604317', 5, 'Mantap, lanjutkan kak', 'Valid', '2021-10-07 17:58:37'),
('HMPTI16326587354187', 'muhammadrasit45@gmail.com', 'Muhammad Rasit Ath-Thohir', 1632658735, '{\"No_HP\":\"082237503684\",\"Instansi\":\"Universitas Duta Bangsa\"}', 'kehadiran-HMPTI16326587354187-1632658735.jpg?16337', 'pembayaran-2077109957-1632658735.jpg?1633701749', 5, 'Semoga kedepannya jauh lebih baik lagi', 'Valid', '2021-10-08 21:02:29'),
('HMPTI16326587354324', '190101014@fikom.udb.ac.id', 'IRVANI GUSRI SANJAYA', 1632658735, '{\"No_HP\":\"08985399429\",\"Instansi\":\"Universitas Duta Bangsa Surakarta\"}', 'kehadiran-HMPTI16326587354324-1632658735.jpg?16337', 'pembayaran-3132729766-1632658735.jpg?1633582652', 5, 'blm ada', 'Valid', '2021-10-07 11:57:32'),
('HMPTI16326587354340', 'theovictor99@gmail.com', 'Theofilus Victor Putra Ari Pranata', 1632658735, '{\"No_HP\":\"088216334823\",\"Instansi\":\"Universitas Duta Bangsa Surakarta\"}', '', 'pembayaran-3613154035-1632658735.jpg?1633612035', 5, 'Webinar sangat bangus pematerinya juga sangat mudah dipahami', 'Valid', '2021-10-07 20:07:15'),
('HMPTI1632658735449', 'ridho_mustari@fikom.udb.ac.id', 'RIDHO MUSTARI', 1632658735, '{\"No_HP\":\"081281940472\",\"Instansi\":\"Universitas Duta Bangsa Surakarta\"}', 'kehadiran-HMPTI1632658735449-1632658735.jpg?163375', 'pembayaran-1818184550-1632658735.jpg?1633417569', 4, 'Tidak ada', 'Valid', '2021-10-05 14:06:09'),
('HMPTI16326587354513', 'bahrul_aziz@fikom.udb.ac.id', 'BAHRUL AZIZ RIFAI', 1632658735, '{\"No_HP\":\"085729379777\",\"Instansi\":\"FIKOM Universitas Duta Bangsa\"}', 'kehadiran-HMPTI16326587354513-1632658735.jpg?16337', 'pembayaran-2996902538-1632658735.jpg?1633445167', 5, 'Untuk kedepannya, metode pembayarannya ditambahi lagi. seperti ovo dll', 'Valid', '2021-10-05 21:46:07'),
('HMPTI16326587354514', '190103072@fikom.udb.ac.id', 'DAFFA VIGNADITYA PUTRA', 1632658735, '{\"No_HP\":\"\\u202a+6282145684469\\u202c\",\"Instansi\":\"Universitas Duta Bangsa\"}', 'kehadiran-HMPTI16326587354514-1632658735.jpg?16337', 'pembayaran-34351712-1632658735.jpg?1633483470', 5, 'Kurang banyak narasunbernya hehe', 'Valid', '2021-10-06 08:24:30'),
('HMPTI16326587354532', 'kurniawanagung080@gmail.com', 'AGUNG KURNIAWAN', 1632658735, '{\"No_HP\":\"082138706374\",\"Instansi\":\"Fakultas Ilmu Komputer Universitas Duta Bangsa\"}', 'kehadiran-HMPTI16326587354532-1632658735.jpg?16337', 'pembayaran-2086483521-1632658735.jpg?1633602201', 4, 'Semoga bisa mengerti apa yg di jelaskan dan mudah di pahami.', 'Valid', '2021-10-07 17:23:21'),
('HMPTI16326587354542', '190103178@fikom.udb.ac.id', 'ANDI LESTIANTO', 1632658735, '{\"No_HP\":\"081266789936\",\"Instansi\":\"Universitas Duta Bangsa Surakarta\"}', 'kehadiran-HMPTI16326587354542-1632658735.jpg?16337', 'pembayaran-1935261380-1632658735.jpg?1633615970', 5, 'Tetap semangat untuk kedepannya... Adakan lagi webinar2 lain dengan tema - tema & narasumber yang menarik... Terimakasih', 'Valid', '2021-10-07 21:12:50'),
('HMPTI16326587354545', 'eryrohmansyah@gmail.com', 'Dwi Ery Rohmansyah', 1632658735, '{\"No_HP\":\"085216064485\",\"Instansi\":\"Universitas Duta Bangsa Surakarta\"}', 'kehadiran-HMPTI16326587354545-1632658735.jpg?16337', 'pembayaran-4059133932-1632658735.jpg?1633619224', 5, 'Sudah lebih baik', 'Valid', '2021-10-07 22:07:04'),
('HMPTI16326587354590', 'wildankholilur@gmail.com', 'Wildan Kholilur', 1632658735, '{\"No_HP\":\"082136227266\",\"Instansi\":\"UDB\"}', '', 'pembayaran-20365176-1632658735.jpg?1633702308', 0, '', 'Valid', '2021-10-08 21:11:48'),
('HMPTI16326587354696', 'syoga0020@gmail.com', 'Yoga saputra', 1632658735, '{\"No_HP\":\"085956324796\",\"Instansi\":\"Duta bangsa\"}', 'kehadiran-HMPTI16326587354696-1632658735.jpg?16337', 'pembayaran-1461780650-1632658735.jpg?1633709524', 5, 'Baik', 'Valid', '2021-10-08 23:12:04'),
('HMPTI16326587354891', 'taqiuddin1212@gmail.com', 'Muflih Taqiuddin', 1632658735, '{\"No_HP\":\"085161051944\",\"Instansi\":\"Mahasiswa D3 teknik komputer UDB\"}', 'kehadiran-HMPTI16326587354891-1632658735.jpg?16337', 'pembayaran-2352339755-1632658735.jpg?1633703562', 4, 'Waktu mulai klo bisa lebih pagi jam 8', 'Valid', '2021-10-08 21:32:42'),
('HMPTI163265873549102', 'hirukusan11@gmail.com', 'Rio Ardi L', 1632658735, '{\"No_HP\":\"089617485378\",\"Instansi\":\"UNIVERSITAS DUTA BANGSA\"}', 'kehadiran-HMPTI163265873549102-1632658735.jpg?1633', 'pembayaran-912740851-1632658735.jpg?1633744439', 3, 'Adakan sesi pembagian nasi kotak', 'Valid', '2021-10-09 08:53:59'),
('HMPTI1632658735493', 'zouzi888@gmail.com', 'Master Putra Praja', 1632658735, '{\"No_HP\":\"085600595243\",\"Instansi\":\"STMIK AUB\"}', 'kehadiran-HMPTI1632658735493-1632658735.jpg?163375', 'pembayaran-2114561631-1632658735.jpg?1633406135', 5, 'Semoga lebih baik lagi', 'Valid', '2021-10-05 10:55:35'),
('HMPTI16326587355065', 'thoni_adi@fikom.udb.ac.id', 'THONI ADI SETIAWAN', 1632658735, '{\"No_HP\":\"082241883196\",\"Instansi\":\"Universitas Duta Bangsa Surakarta\"}', '', 'pembayaran-2289326962-1632658735.jpg?1633689006', 0, '', 'Valid', '2021-10-08 17:30:06'),
('HMPTI16326587355118', 'selamet.marsel.14@gmail.com', 'Selamet Marsel Setiawan', 1632658735, '{\"No_HP\":\"085799366798\",\"Instansi\":\"Universitas Duta Bangsa Surakarta\"}', 'kehadiran-HMPTI16326587355118-1632658735.jpg?16337', 'pembayaran-2357055311-1632658735.jpg?1633507403', 4, 'Bagus', 'Valid', '2021-10-06 15:03:24'),
('HMPTI16326587355138', 'sendangary6@gmail.com', 'sendang ary w', 1632658735, '{\"No_HP\":\"081572672425\",\"Instansi\":\"Universitas Duta Bangsa\"}', 'kehadiran-HMPTI16326587355138-1632658735.jpg?16337', 'pembayaran-3228606943-1632658735.jpg?1633610572', 5, 'CUKUP MENARIK DAN MUDAH DI PAHAMI TRIMAKASIH ILMUNYA ....', 'Valid', '2021-10-07 19:42:52'),
('HMPTI16326587355141', 'balak_ardiyanto@fikom.udb.ac.id', 'BALAK ARDIYANTO', 1632658735, '{\"No_HP\":\"085801424260\",\"Instansi\":\"TI Universitas d\"}', 'kehadiran-HMPTI16326587355141-1632658735.jpg?16337', 'pembayaran-1296010864-1632658735.jpg?1633614624', 5, 'Event sangat menarik, kedepan insyaallah lebih menekankan pada software dan kebutuhan lain yang menyangkut TI dimasa depan. Great job gaees. Fighting !!!', 'Valid', '2021-10-07 20:50:24'),
('HMPTI16326587355177', '31wahyu31@gmail.com', 'Heri Gunawan', 1632658735, '{\"No_HP\":\"089648536517\",\"Instansi\":\"Universitas Jenderal Achmad Yani Yogyakarta\"}', 'kehadiran-HMPTI16326587355177-1632658735.jpg?16337', 'pembayaran-1874516916-1632658735.jpg?1633695583', 5, 'Mantapp', 'Valid', '2021-10-08 19:19:43'),
('HMPTI16326587355198', 'ariw92870@gmail.com', 'Ari Wahyudi', 1632658735, '{\"No_HP\":\"085708523832\",\"Instansi\":\"Universitas Duta Bangsa\"}', 'kehadiran-HMPTI16326587355198-1632658735.jpg?16337', 'pembayaran-2049012343-1632658735.jpg?1633710678', 4, 'Sebaiknya peserta tidak usah absen lagi karena sudah melakukan registrasi pendaftaran, terimakasih', 'Valid', '2021-10-08 23:31:18'),
('HMPTI16326587355288', 'matin_muhith@fikom.udb.ac.id', 'MATIN MUHITH', 1632658735, '{\"No_HP\":\"082199667404\",\"Instansi\":\"Universitas Duta Bangsa Surakarta\"}', '', 'pembayaran-934609429-1632658735.jpg?1633701794', 0, '', 'Valid', '2021-10-08 21:03:14'),
('HMPTI16326587355293', 'nela_ayu@fikom.udb.ac.id', 'NELA AYU ANGGRAINI', 1632658735, '{\"No_HP\":\"081568291965\",\"Instansi\":\"UNIVERSITAS DUTA BANGSA SURAKARTA\"}', 'kehadiran-HMPTI16326587355293-1632658735.jpg?16337', 'pembayaran-3302210333-1632658735.jpg?1633704962', 5, 'Semoga lebih baik', 'Valid', '2021-10-08 21:56:02'),
('HMPTI16326587355310', 'keyloryoga@gmail.com', 'Adrianus Yoga Prasetyo', 1632658735, '{\"No_HP\":\"085155460607\",\"Instansi\":\"Universitas Duta Bangsa\"}', 'kehadiran-HMPTI16326587355310-1632658735.jpg?16337', 'pembayaran-3479661138-1632658735.jpg?1633431058', 5, 'Materinya mengesankan', 'Valid', '2021-10-05 17:50:58'),
('HMPTI1632658735536', 'swarna_dwi@fikom.udb.ac.id', 'SWARNA DWI JAYA WARDHANA', 1632658735, '{\"No_HP\":\"085156298160\",\"Instansi\":\"Universitas Duta Bangsa Surakarta\"}', 'kehadiran-HMPTI1632658735536-1632658735.jpg?163375', 'pembayaran-444397477-1632658735.jpg?1633407781', 4, 'semoga acara kedepan lebih baik lagi, sukses selalu', 'Valid', '2021-10-05 11:23:01'),
('HMPTI16326587355369', 'dwih6691@gmail.com', 'DWI HANDAYANI', 1632658735, '{\"No_HP\":\"085659317279\",\"Instansi\":\"Universitas Duta Bangsa Surakarta\"}', '', 'pembayaran-458179117-1632658735.jpg?1633692371', 0, '', 'Valid', '2021-10-08 18:26:11'),
('HMPTI16326587355370', 'aan_jati@fikom.udb.ac.id', 'A\'AN JATI SUSILO', 1632658735, '{\"No_HP\":\"081235491388\",\"Instansi\":\"Universitas Duta Bangsa\"}', '', 'pembayaran-159310050-1632658735.jpg?1633692509', 5, 'Okay', 'Valid', '2021-10-08 18:28:29'),
('HMPTI16326587355485', '202020243@mhs.udb.ac.id', 'DITA PUTRA PRATAMA', 1632658735, '{\"No_HP\":\"085156185849\",\"Instansi\":\"Universitas Duta Bangsa Surakarta\"}', 'kehadiran-HMPTI16326587355485-1632658735.jpg?16337', 'pembayaran-3602009342-1632658735.jpg?1633698265', 5, 'Untuk tema sudah bagus cuma pematerinya kurang menarik audience', 'Valid', '2021-10-08 20:04:25'),
('HMPTI16326587355525', 'alan_kurniawan@fikom.udb.ac.id', 'ALAN KURNIAWAN', 1632658735, '{\"No_HP\":\"089670397409\",\"Instansi\":\"Universitas Duta Bangsa Surakarta\"}', 'kehadiran-HMPTI16326587355525-1632658735.jpg?16337', 'pembayaran-3979891146-1632658735.jpg?1633588929', 5, 'sering sering diadakan webinar, sipp', 'Valid', '2021-10-07 13:42:09'),
('HMPTI16326587355652', 'pradhanasetya35@gmail.com', 'Wahyudi Setya P', 1632658735, '{\"No_HP\":\"081326886970\",\"Instansi\":\"UNIVERSITAS DUTA BANGSA\"}', 'kehadiran-HMPTI16326587355652-1632658735.jpg?16337', 'pembayaran-2279484239-1632658735.jpg?1633659888', 5, 'untuk game diharqapkan jangan terlalu cepat waktu jawabnya kak.soalnya kadang kalau sinyal error susah kak', 'Valid', '2021-10-08 09:24:48'),
('HMPTI16326587355679', 'anjar.xtkj31502@gmail.com', 'Anjar Setiawan', 1632658735, '{\"No_HP\":\"089636631064\",\"Instansi\":\"Fikom UDB\"}', 'kehadiran-HMPTI16326587355679-1632658735.jpg?16337', 'pembayaran-3625227967-1632658735.jpg?1633695788', 5, 'Semangat terus, bisa belajar forensik rekam jejak.', 'Valid', '2021-10-08 19:23:08'),
('HMPTI16326587355699', 'maydanurrohmani@gmail.com', 'Mayda Nur Rohmani', 1632658735, '{\"No_HP\":\"088228790772\",\"Instansi\":\"Universitas Duta Bangsa Surakarta\"}', 'kehadiran-HMPTI16326587355699-1632658735.jpg?16337', 'pembayaran-665559854-1632658735.jpg?1633731345', 5, 'Webinar sangat bermanfaat dan menambah wawasan', 'Valid', '2021-10-09 05:15:45'),
('HMPTI16326587355748', 'radyan_galang@fikom.udb.ac.id', 'RADYAN GALANG PRATITA', 1632658735, '{\"No_HP\":\"081558830747\",\"Instansi\":\"Teknik Informatika Fikon UDB\"}', 'kehadiran-HMPTI16326587355748-1632658735.jpg?16337', 'pembayaran-2563809544-1632658735.jpg?1633626035', 5, 'semangat terus', 'Valid', '2021-10-08 00:00:35'),
('HMPTI16326587355851', '210104001@mhs.udb.ac.id', 'ADNAN MUCHLIS ROMDONI', 1632658735, '{\"No_HP\":\"081568355362\",\"Instansi\":\"Universitas duta bangsa\"}', 'kehadiran-HMPTI16326587355851-1632658735.jpg?16337', 'pembayaran-2643587121-1632658735.jpg?1633659801', 5, 'kalau bisa pake google meet aja kak. pake zoom boros :v', 'Valid', '2021-10-08 09:23:21'),
('HMPTI16326587355912', 'elyasnf10@gmail.com', 'Elyas NF', 1632658735, '{\"No_HP\":\"085802111040\",\"Instansi\":\"Universitas Duta Bangsa\"}', '', 'pembayaran-1890908217-1632658735.jpg?1633444009', 0, '', 'Valid', '2021-10-05 21:26:49'),
('HMPTI16326587356049', 'ekacacing6@gmail.com', 'Eka Yuli Pratama', 1632658735, '{\"No_HP\":\"082243582340\",\"Instansi\":\"UNIVERSITAS DUTA BANGSA SURAKARTA\"}', 'kehadiran-HMPTI16326587356049-1632658735.jpg?16337', 'pembayaran-3975364621-1632658735.jpg?1633652916', 5, 'sangat bagus', 'Valid', '2021-10-08 07:28:36'),
('HMPTI16326587356080', 'yudha_tri@fikom.udb.ac.id', 'YUDHA TRI ANGGORO HARYONO PUTRO', 1632658735, '{\"No_HP\":\"0895329336250\",\"Instansi\":\"Universitas Duta Bangsa\"}', 'kehadiran-HMPTI16326587356080-1632658735.jpg?16337', 'pembayaran-609191663-1632658735.jpg?1633695816', 5, 'makasih ilmunya', 'Valid', '2021-10-08 19:23:36'),
('HMPTI16326587356121', 'tomi.irawan120@gmail.com', 'Tomi Irawan', 1632658735, '{\"No_HP\":\"083845704357\",\"Instansi\":\"Universitas Duta Bangsa\"}', 'kehadiran-HMPTI16326587356121-1632658735.jpg?16337', 'pembayaran-2176103497-1632658735.jpg?1633515183', 5, 'Saya berharap HMPTI mengadakan acara webinar lagi tentang dunia digital.', 'Valid', '2021-10-06 17:13:03'),
('HMPTI16326587356127', 'ricardoyuhanda@gmail.com', 'Ricardo Reza Yuhanda', 1632658735, '{\"No_HP\":\"081225719420\",\"Instansi\":\"Universitas Duta Bangsa Surakarta\"}', 'kehadiran-HMPTI16326587356127-1632658735.jpg?16337', 'pembayaran-3112581070-1632658735.jpg?1633589203', 4, 'baik', 'Valid', '2021-10-07 13:46:43'),
('HMPTI16326587356322', 'adisetyaprayoga1@gmail.com', 'Adistiya Angga Prayoga', 1632658735, '{\"No_HP\":\"083845347262\",\"Instansi\":\"Universitas Duta Bangsa Surakarta\"}', 'kehadiran-HMPTI16326587356322-1632658735.jpg?16337', 'pembayaran-831136660-1632658735.jpg?1633519849', 4, 'Keren, tidak ada saran ..', 'Valid', '2021-10-06 18:30:49'),
('HMPTI16326587356343', 'yuanda.vbnetti18a4@gmail.com', 'Yuanda Wais Harumi', 1632658735, '{\"No_HP\":\"085848459098\",\"Instansi\":\"Universitas Duta Bangsa Surakarta\"}', 'kehadiran-HMPTI16326587356343-1632658735.jpg?16337', 'pembayaran-3204949769-1632658735.jpg?1633617172', 5, 'Tidak ada', 'Valid', '2021-10-07 21:32:52'),
('HMPTI16326587356584', 'andiazizp123@gmail.com', 'Fandi Aziz Pratama', 1632658735, '{\"No_HP\":\"0895392518509\",\"Instansi\":\"Universitas Duta Bangsa\"}', 'kehadiran-HMPTI16326587356584-1632658735.jpg?16337', 'pembayaran-3881616354-1632658735.jpg?1633697104', 4, 'Tidak ada', 'Valid', '2021-10-08 19:45:04'),
('HMPTI1632658735662', 'nyancatneko9@gmail.com', 'Muhammad Daffa Rizqullah', 1632658735, '{\"No_HP\":\"081329308217\",\"Instansi\":\"Universitas Duta Bangsa Surakarta\"}', 'kehadiran-HMPTI1632658735662-1632658735.jpg?163375', 'pembayaran-1012140370-1632658735.jpg?1633405859', 5, 'Lebih dari cukup, banyakin yang it', 'Valid', '2021-10-05 10:50:59'),
('HMPTI16326587356995', 'pratiwi_nur@fikom.udb.ac.id', 'PRATIWI NUR ANGGRAINI', 1632658735, '{\"No_HP\":\"081358145469\",\"Instansi\":\"Universitas Duta Bangsa\"}', 'kehadiran-HMPTI16326587356995-1632658735.jpg?16337', 'pembayaran-165239388-1632658735.jpg?1633705588', 4, 'Dikarenakan sinyal kurang mendukung jadi suaranya putus² kadang langsung keluar dari zoom ????', 'Valid', '2021-10-08 22:06:28'),
('HMPTI163265873570103', 'widi_dwi@fikom.udb.ac.id', 'WIDI DWI NURCAHYO', 1632658735, '{\"No_HP\":\"0\",\"Instansi\":\"UDB\"}', 'kehadiran-HMPTI163265873570103-1632658735.jpg?1633', 'pembayaran-219413110-1632658735.jpg?1633744683', 5, 'dev test', 'Unset', '2021-10-09 08:58:03'),
('HMPTI16326587357074', '202040449@mhs.udb.ac.id', 'Muhammad Khoirun Niezam', 1632658735, '{\"No_HP\":\"081284652582\",\"Instansi\":\"Universitas Duta Bangsa Surakarta\"}', 'kehadiran-HMPTI16326587357074-1632658735.jpg?16337', 'pembayaran-1269557418-1632658735.jpg?1633694262', 3, 'tidak ada', 'Valid', '2021-10-08 18:57:42'),
('HMPTI163265873572101', 'anandabayyy@gmail.com', 'Ananda Bayu', 1632658735, '{\"No_HP\":\"085875476827\",\"Instansi\":\"Universitas Duta Bangsa\"}', 'kehadiran-HMPTI163265873572101-1632658735.jpg?1633', 'pembayaran-3860629966-1632658735.jpg?1633739700', 5, 'yea yea sure 5 star', 'Valid', '2021-10-09 07:35:00'),
('HMPTI163265873572465', 'arif_eko@fikom.udb.ac.id', 'ARIF EKO FITRIANTO', 1632658735, '{\"No_HP\":\"085725275451\",\"Instansi\":\"Universitas Duta Bangsa Surakarta \"}', '', 'pembayaran-2823566246-1632658735.jpg?1664859174', 0, '', 'Valid', '2022-10-04 11:52:54'),
('HMPTI16326587357467', 'sapnanda9@gmail.com', 'Nanda Saputri Windi Oktavia_TI', 1632658735, '{\"No_HP\":\"\\u202a+6283196345360\\u202c\",\"Instansi\":\"Universitas Jendral Achmad Yani\"}', 'kehadiran-HMPTI16326587357467-1632658735.jpg?16337', 'pembayaran-1181730106-1632658735.jpg?1633690736', 5, 'semangatbterus tetap maju', 'Valid', '2021-10-08 17:58:56'),
('HMPTI16326587357520', 'uvifirgia04@gmail.com', 'Uvi Firgianingsih', 1632658735, '{\"No_HP\":\"088233574683\",\"Instansi\":\"Universitas Duta Bangsa Surakarta\"}', 'kehadiran-HMPTI16326587357520-1632658735.jpg?16337', 'pembayaran-110029358-1632658735.jpg?1633514682', 4, 'Baik', 'Valid', '2021-10-06 17:04:42'),
('HMPTI16326587357581', 'imam_aditiya@fikom.udb.ac.id', 'IMAM ADITIYA', 1632658735, '{\"No_HP\":\"081259499771\",\"Instansi\":\"Fakultas Komputer Universitas Duta Bangsa\"}', 'kehadiran-HMPTI16326587357581-1632658735.jpg?16337', 'pembayaran-515915856-1632658735.jpg?1633696385', 5, 'Praktek eksekusi software/web', 'Valid', '2021-10-08 19:33:05'),
('HMPTI16326587357583', 'mahdarul_adi@fikom.udb.ac.id', 'MAHDARUL ADI LAKSONO', 1632658735, '{\"No_HP\":\"085749047321\",\"Instansi\":\"Universitas duta bangsa\"}', 'kehadiran-HMPTI16326587357583-1632658735.jpg?16337', 'pembayaran-3860391129-1632658735.jpg?1633696939', 4, 'Bagus', 'Valid', '2021-10-08 19:42:19'),
('HMPTI16326587357668', 'danangprihanto1997@gmail.com', 'Danang Prihanto', 1632658735, '{\"No_HP\":\"087874519099\",\"Instansi\":\"Universitas Jenderal Achmad Yani Yogyakarta\"}', '', 'pembayaran-2380874518-1632658735.jpg?1633692347', 0, '', 'Valid', '2021-10-08 18:25:47'),
('HMPTI16326587357686', 'ydsaputra40310@gmail.com', 'Yongki Danil Saputra', 1632658735, '{\"No_HP\":\"085794070012\",\"Instansi\":\"UNIVERSITAS JENDERAL ACHMAD YANI YOGYAKARTA\"}', 'kehadiran-HMPTI16326587357686-1632658735.jpg?16337', 'pembayaran-2671198448-1632658735.jpg?1633698779', 4, 'Next time, gratis webinarnya', 'Valid', '2021-10-08 20:12:59'),
('HMPTI16326587357894', 'putri_wahyu@fikom.udb.ac.id', 'PUTRI WAHYU RIZKIANA', 1632658735, '{\"No_HP\":\"081227663176\",\"Instansi\":\"UNIVERSITAS DUTA BANGSA SURAKARTA\"}', 'kehadiran-HMPTI16326587357894-1632658735.jpg?16337', 'pembayaran-3053992650-1632658735.jpg?1633705099', 5, 'Terimakasih', 'Valid', '2021-10-08 21:58:19'),
('HMPTI16326587358063', 'novianawulandari928@gmail.com', 'Noviana Wulandari', 1632658735, '{\"No_HP\":\"081991596087\",\"Instansi\":\"Universitas jenderal achmad yani yogyakarta \"}', 'kehadiran-HMPTI16326587358063-1632658735.jpg?16337', 'pembayaran-654544242-1632658735.jpg?1633688477', 5, 'terimakasih atas ilmu yang telag diberikan hari ini, semoga bermanfaat unutuk kedepannya', 'Valid', '2021-10-08 17:21:17'),
('HMPTI163265873582100', '190103048@fikom.udb.ac.id', 'NUR FAHRUDIN', 1632658735, '{\"No_HP\":\"085701220725\",\"Instansi\":\"Universitas Duta Bangsa\"}', 'kehadiran-HMPTI163265873582100-1632658735.jpg?1633', 'pembayaran-62383211-1632658735.jpg?1633734580', 5, 'Bagus', 'Valid', '2021-10-09 06:09:40'),
('HMPTI16326587358364', 'aldivarestu@gmail.com', 'ALDIVA RESTU KRISTA', 1632658735, '{\"No_HP\":\"083157116895\",\"Instansi\":\"Universitas Duta Bangsa Surakarta\"}', 'kehadiran-HMPTI16326587358364-1632658735.jpg?16337', 'pembayaran-1349118949-1632658735.jpg?1633688567', 5, 'Lebih banyak lagi yang kek gini', 'Valid', '2021-10-08 17:22:47'),
('HMPTI1632658735845', 'dia.caem.2019@gmail.com', 'AHMAD DIA ULHAQ', 1632658735, '{\"No_HP\":\"082387728564\",\"Instansi\":\"Universitas Duta Bangsa Surakarta\"}', 'kehadiran-HMPTI1632658735845-1632658735.jpg?163375', 'pembayaran-1414708500-1632658735.jpg?1633406886', 5, 'Sudah bagus untuk kegiatan nya dari awal sampai akhir.dan kreatif untuk games mini nya', 'Valid', '2021-10-05 11:08:06'),
('HMPTI16326587358478', 'muhamad_kurniawan@fikom.udb.ac.id', 'MUHAMAD KURNIAWAN YOGA PRATAMA', 1632658735, '{\"No_HP\":\"085700801760\",\"Instansi\":\"Universitas Duta Bangsa Surakarta\"}', 'kehadiran-HMPTI16326587358478-1632658735.jpg?16337', 'pembayaran-230167896-1632658735.jpg?1633695729', 4, 'Tingkatkan ????', 'Valid', '2021-10-08 19:22:09'),
('HMPTI16326587358723', 'pineda_prima@fikom.udb.ac.id', 'PINEDA PRIMA YOGA', 1632658735, '{\"No_HP\":\"085716570998\",\"Instansi\":\"Universitas Duta Bangsa Surakarta\"}', 'kehadiran-HMPTI16326587358723-1632658735.jpg?16337', 'pembayaran-1113224938-1632658735.jpg?1633521106', 3, 'nice', 'Valid', '2021-10-06 18:51:46'),
('HMPTI16326587358758', 'audriyaffi123@gmail.com', 'Audri Yaffi vibiagi', 1632658735, '{\"No_HP\":\"082261015692\",\"Instansi\":\"UNIVERSITAS DUTA BANGSA\"}', 'kehadiran-HMPTI16326587358758-1632658735.jpg?16337', 'pembayaran-3471662824-1632658735.jpg?1633668800', 4, 'nice', 'Valid', '2021-10-08 11:53:20'),
('HMPTI16326587358772', '210103060@mhs.udb.ac.id', 'INTAN FEBIANA OVIANTI', 1632658735, '{\"No_HP\":\"085876687904\",\"Instansi\":\"Universitas Duta Bangsa\"}', 'kehadiran-HMPTI16326587358772-1632658735.jpg?16337', 'pembayaran-2236293813-1632658735.jpg?1633693821', 3, 'sudah cukup bagus', 'Valid', '2021-10-08 18:50:21'),
('HMPTI16326587358811', '190103050@fikom.udb.ac.id', 'RAKKHA ANDHIKA PUTRA', 1632658735, '{\"No_HP\":\"08885950861\",\"Instansi\":\"universitas duta bangsa\"}', 'kehadiran-HMPTI16326587358811-1632658735.jpg?16337', 'pembayaran-1372627032-1632658735.jpg?1633434403', 5, 'keren', 'Valid', '2021-10-05 18:46:43'),
('HMPTI16326587358946', 'auliaiy07@gmail.com', 'Aulia Indah Yunitasari', 1632658735, '{\"No_HP\":\"085725995775\",\"Instansi\":\"Universitas Duta Bangsa\"}', 'kehadiran-HMPTI16326587358946-1632658735.jpg?16337', 'pembayaran-77288257-1632658735.jpg?1633620227', 4, 'Baik', 'Valid', '2021-10-07 22:23:47'),
('HMPTI16326587358957', 'ramadhanlavyda@gmail.com', 'Lavyda Ramadhan', 1632658735, '{\"No_HP\":\"085841682733\",\"Instansi\":\"Univ.  Duta Bangsa Surakarta\"}', '', 'pembayaran-3098718892-1632658735.jpg?1633667029', 0, '', 'Valid', '2021-10-08 11:23:49'),
('HMPTI16326587359128', 'cevin_kuncoro@fikom.udb.ac.id', 'CEVIN KUNCORO AJI', 1632658735, '{\"No_HP\":\"081326884497\",\"Instansi\":\"Universitas Duta Bangsa\"}', 'kehadiran-HMPTI16326587359128-1632658735.jpg?16337', 'pembayaran-1770922249-1632658735.jpg?1633589870', 5, 'mantap jiwa', 'Valid', '2021-10-07 13:57:50'),
('HMPTI16326587359253', '202030304@mhs.udb.ac.id', 'Wihan Perkasa Nugraha Putra', 1632658735, '{\"No_HP\":\"081229854638\",\"Instansi\":\"Teknik Informatika Universitas Duta Bangsa\"}', 'kehadiran-HMPTI16326587359253-1632658735.jpg?16337', 'pembayaran-1243218734-1632658735.jpg?1633663428', 5, 'semoga bisa lebih ditingkatkan lagi', 'Valid', '2021-10-08 10:23:48'),
('HMPTI16326587359337', '202020511@mhs.udb.ac.id', 'DENY SETIADI HAMZAH ', 1632658735, '{\"No_HP\":\"085210293873\",\"Instansi\":\"Universitas Duta Bangsa\"}', 'kehadiran-HMPTI16326587359337-1632658735.jpg?16337', 'pembayaran-1745760997-1632658735.jpg?1633610564', 5, 'Bagus', 'Valid', '2021-10-07 19:42:44'),
('HMPTI16326587359382', 'naufalchoirulananda@gmail.com', 'Naufal Choirul Ananda', 1632658735, '{\"No_HP\":\"0895364780924\",\"Instansi\":\"Universitas Duta Bangsa\"}', 'kehadiran-HMPTI16326587359382-1632658735.jpg?16337', 'pembayaran-1638444314-1632658735.jpg?1633696546', 5, 'sudah sangat bagus dan narasumbernya menarik.', 'Valid', '2021-10-08 19:35:46'),
('HMPTI16326587359392', 'asepsoepriyanto12@gmail.com', 'Asep Supriyanto', 1632658735, '{\"No_HP\":\"085714890533\",\"Instansi\":\"Universitas Singaperbangsa Karawang\"}', 'kehadiran-HMPTI16326587359392-1632658735.jpg?16337', 'pembayaran-819188634-1632658735.jpg?1633704831', 5, 'tetap semangat', 'Valid', '2021-10-08 21:53:51'),
('HMPTI16326587359473', 'arfianpanji377@gmail.com', 'Arfian Panji Sjifa', 1632658735, '{\"No_HP\":\"085867515155 (wa)\",\"Instansi\":\"Universitas duta bangsa fikom\"}', 'kehadiran-HMPTI16326587359473-1632658735.jpg?16337', 'pembayaran-3465090509-1632658735.jpg?1633694191', 5, 'sangat membantu atas materi yang diberikan', 'Valid', '2021-10-08 18:56:31'),
('HMPTI16326587359776', 'bintaaaliyah48@gmail.com', 'Binta Aaliyah Hanifa', 1632658735, '{\"No_HP\":\"081575910154\",\"Instansi\":\"Universitas Jenderal Achmad Yani Yogyakarta\"}', 'kehadiran-HMPTI16326587359776-1632658735.jpg?16337', 'pembayaran-3855304152-1632658735.jpg?1633694834', 4, 'sangat baik tetapi masih belom memahami materinya', 'Valid', '2021-10-08 19:07:14'),
('HMPTI16326587359831', 'eivosusanto@gmail.com', 'Enricho Ivo Susanto', 1632658735, '{\"No_HP\":\"085800096681\",\"Instansi\":\"Universitas Duta Bangsa Surakarta\"}', 'kehadiran-HMPTI16326587359831-1632658735.jpg?16337', 'pembayaran-1383626873-1632658735.jpg?1633599169', 5, 'tidak ada', 'Valid', '2021-10-07 16:32:49'),
('HMPTI16326587359856', 'anggieapriliana93@gmail.com', 'Anggie Apriliana', 1632658735, '{\"No_HP\":\"085747313188\",\"Instansi\":\"Universitas Duta Bangsa Surakarta\"}', 'kehadiran-HMPTI16326587359856-1632658735.jpg?16337', 'pembayaran-567437829-1632658735.jpg?1633666472', 5, 'Sangat menarik serta dapat memberikan  motivasi dan semangat untuk terus belajar.', 'Valid', '2021-10-08 11:14:32'),
('HMPTI16326587359897', 'havilda_adhiaksha@fikom.udb.ac.id', 'HAVILDA ADHIAKSHA', 1632658735, '{\"No_HP\":\"081903540663\",\"Instansi\":\"Universitas Duta Bangsa Surakarta\"}', 'kehadiran-HMPTI16326587359897-1632658735.jpg?16337', 'pembayaran-3093353507-1632658735.jpg?1633710383', 5, 'Terimakasih', 'Valid', '2021-10-08 23:26:23'),
('HMPTI163513545510128', 'librantino_pratama@fikom.udb.ac.id', 'LIBRANTINO PRATAMA WARDHANA', 1635135455, '[]', '', NULL, 0, '', 'Unset', '2021-10-26 19:41:12'),
('HMPTI163513545511110', 'trimurti.54r1@gmail.com', 'Trimurti Sari', 1635135455, '[]', '', NULL, 0, '', 'Unset', '2021-10-26 17:22:17'),
('HMPTI163513545513121', 'citrabunga359@gmail.com', 'Bunga Citra', 1635135455, '[]', '', NULL, 0, '', 'Unset', '2021-10-26 18:17:55'),
('HMPTI163513545513135', 'jaka.teson@gmail.com', 'MUZA', 1635135455, '[]', '', NULL, 0, '', 'Unset', '2021-10-26 23:14:36'),
('HMPTI163513545517108', 'ezra_eka@fikom.udb.ac.id', 'EZRA EKA SETIAWAN', 1635135455, '[]', '', NULL, 0, '', 'Unset', '2021-10-26 16:55:50'),
('HMPTI163513545517113', 'faray67@gmail.com', 'Faray Abdad', 1635135455, '[]', '', NULL, 0, '', 'Unset', '2021-10-26 17:43:19'),
('HMPTI163513545522105', 'andreas_abi@fikom.udb.ac.id', 'ANDREAS ABI PERMANA', 1635135455, '[]', '', NULL, 0, '', 'Unset', '2021-10-25 11:29:46'),
('HMPTI163513545522118', '190103146@fikom.udb.ac.id', 'RIO RIZQ NUR BHACTIAR', 1635135455, '[]', '', NULL, 0, '', 'Unset', '2021-10-26 17:53:59'),
('HMPTI163513545526120', 'putriradya21@gmail.com', 'Radya Prameswari Putri', 1635135455, '[]', '', NULL, 0, '', 'Unset', '2021-10-26 18:14:09'),
('HMPTI163513545529141', '190103060@fikom.udb.ac.id', 'WAHYU WIJAYA', 1635135455, '[]', '', NULL, 0, '', 'Unset', '2021-10-28 07:35:28'),
('HMPTI163513545529153', '190103102@fikom.udb.ac.id', 'FENO REGA BAGUS PRAMUDYA', 1635135455, '[]', '', NULL, 0, '', 'Unset', '2021-10-29 12:46:20'),
('HMPTI163513545533124', 'msholeh13121@gmail.com', 'M Sholeh', 1635135455, '[]', '', NULL, 0, '', 'Unset', '2021-10-26 18:28:00'),
('HMPTI163513545534142', '202030304@mhs.udb.ac.id', 'Wihan Perkasa Nugraha Putra', 1635135455, '[]', '', NULL, 0, '', 'Unset', '2021-10-28 07:48:30'),
('HMPTI163513545534151', '190103179@fikom.udb.ac.id', 'ANDIKA WISNU AJI', 1635135455, '[]', '', NULL, 0, '', 'Unset', '2021-10-29 09:34:45'),
('HMPTI163513545535149', 'etwinhendri@gmail.com', 'ETWIN HENDRI IRAWAN', 1635135455, '[]', '', NULL, 0, '', 'Unset', '2021-10-28 23:43:36'),
('HMPTI163513545540125', 'zouzi888@gmail.com', 'Master Putra Praja', 1635135455, '[]', '', NULL, 0, '', 'Unset', '2021-10-26 18:39:45'),
('HMPTI163513545541134', '202030292@mhs.udb.ac.id', 'Yusuf Bahtiar', 1635135455, '[]', '', NULL, 0, '', 'Unset', '2021-10-26 21:11:43'),
('HMPTI163513545543137', 'ilham.prasetyo.putra@gmail.com', 'Ilham Prasetyo Putra Utama', 1635135455, '[]', '', NULL, 0, '', 'Unset', '2021-10-27 01:50:46'),
('HMPTI163513545544129', 'rrifki2912@gmail.com', 'Rifki ramadhan', 1635135455, '[]', '', NULL, 0, '', 'Unset', '2021-10-26 19:42:18'),
('HMPTI163513545545122', '190103129@fikom.udb.ac.id', 'BAYU RIZKHY CANDRA PURNAMA', 1635135455, '[]', '', NULL, 0, '', 'Unset', '2021-10-26 18:19:37'),
('HMPTI163513545546127', 'muhammadnur3547@gmail.com', 'Muhammad Nur Prabowo', 1635135455, '[]', '', NULL, 0, '', 'Unset', '2021-10-26 19:10:51'),
('HMPTI163513545546136', 'pipin_yulanda@fikom.udb.ac.id', 'PIPIN YULANDA', 1635135455, '[]', '', NULL, 0, '', 'Unset', '2021-10-26 23:36:21'),
('HMPTI163513545548109', 'ridwanrusdiyanto2510@gmail.com', 'Muhammad Ridwan Rusdiyanto', 1635135455, '[]', '', NULL, 0, '', 'Unset', '2021-10-26 17:20:16'),
('HMPTI163513545548140', '190101068@fikom.udb.ac.id', 'AYU MUSTIKA DEWI', 1635135455, '[]', '', NULL, 0, '', 'Unset', '2021-10-27 17:33:13'),
('HMPTI163513545550116', 'aviantoadi123@gmail.com', 'AVIANTO ADI PRATAMA', 1635135455, '[]', '', NULL, 0, '', 'Unset', '2021-10-26 17:47:41'),
('HMPTI163513545550132', 'nurjanah010400@gmail.com', 'nur janah', 1635135455, '[]', '', NULL, 0, '', 'Unset', '2021-10-26 20:14:08'),
('HMPTI163513545554107', 'aprilianingsih48658@gmail.com', 'Aprilia Ningsih', 1635135455, '[]', '', NULL, 0, '', 'Unset', '2021-10-26 16:52:26'),
('HMPTI163513545554152', '190103097@fikom.udb.ac.id', 'DIMAS AGIH RAMADHAN', 1635135455, '[]', '', NULL, 0, '', 'Unset', '2021-10-29 12:45:06'),
('HMPTI163513545559112', 'andiazizp123@gmail.com', 'Fandi Aziz Pratama', 1635135455, '[]', '', NULL, 0, '', 'Unset', '2021-10-26 17:27:03'),
('HMPTI163513545559119', 'm.syariff1110@gmail.com', 'syareef', 1635135455, '[]', '', NULL, 0, '', 'Unset', '2021-10-26 17:59:17'),
('HMPTI163513545565130', 'wildan_abdul@fikom.udb.ac.id', 'WILDAN ABDUL RAHMAN', 1635135455, '[]', '', NULL, 0, '', 'Unset', '2021-10-26 19:52:48'),
('HMPTI163513545567144', 'trisna_prabangkara@fikom.udb.ac.id', 'TRISNA PRABANGKARA', 1635135455, '[]', '', NULL, 0, '', 'Unset', '2021-10-28 20:13:50'),
('HMPTI163513545569117', '190101169@fikom.udb.ac.id', 'HELMI ADI PRASETYO', 1635135455, '[]', '', NULL, 0, '', 'Unset', '2021-10-26 17:51:41'),
('HMPTI163513545570123', '202030112@mhs.udb.ac.id', 'MUHAMAD HANAFI', 1635135455, '[]', '', NULL, 0, '', 'Unset', '2021-10-26 18:22:38'),
('HMPTI163513545570143', 'nita_silviana@fikom.udb.ac.id', 'NITA SILVIANA', 1635135455, '[]', '', NULL, 0, '', 'Unset', '2021-10-28 11:42:59'),
('HMPTI163513545575114', 'ardianfaisalfahmi23@gmail.com', 'Ardian Faisal Fahmi', 1635135455, '[]', '', NULL, 0, '', 'Unset', '2021-10-26 17:44:07'),
('HMPTI163513545575126', 'dewipra7@gmail.com', 'Dewi Pratiwi', 1635135455, '[]', '', NULL, 0, '', 'Unset', '2021-10-26 19:02:16'),
('HMPTI163513545577131', 'yogisurya0801@gmail.com', 'Yogi Surya Hartono', 1635135455, '[]', '', NULL, 0, '', 'Unset', '2021-10-26 20:07:42'),
('HMPTI163513545580148', 'ibamaycahyaaljanah@gmail.com', 'Iba May Cahya Aljanah', 1635135455, '[]', '', NULL, 0, '', 'Unset', '2021-10-28 21:20:29'),
('HMPTI163513545581145', '202020391@mhs.udb.ac.id', 'Muh Ardhan Aliridhlo', 1635135455, '[]', '', NULL, 0, '', 'Unset', '2021-10-28 20:23:25'),
('HMPTI163513545583147', '202030010@mhs.udb.ac.id', 'JULYAN DANU CAHYA', 1635135455, '[]', '', NULL, 0, '', 'Unset', '2021-10-28 21:08:29'),
('HMPTI163513545585154', 'hasimazari24@gmail.com', 'Hasim Azari', 1635135455, '[]', '', NULL, 0, '', 'Unset', '2021-10-29 17:53:56'),
('HMPTI163513545588115', 'stevenwiaji18@gmail.com', 'Steven Wiaji', 1635135455, '[]', '', NULL, 0, '', 'Unset', '2021-10-26 17:44:31'),
('HMPTI163513545589133', 'ibayunh73@gmail.com', 'Imam Bayu Nur Hidayat', 1635135455, '[]', '', NULL, 0, '', 'Unset', '2021-10-26 20:23:17'),
('HMPTI163513545590111', 'jusendavania@gmail.com', 'Vania Jusenda', 1635135455, '[]', '', NULL, 0, '', 'Unset', '2021-10-26 17:26:14'),
('HMPTI163513545594146', 'msaida97@gmail.com', 'MUHAMAD SA\'ID AB', 1635135455, '[]', '', NULL, 0, '', 'Unset', '2021-10-28 20:24:12'),
('HMPTI163513545597138', '190101058@fikom.udb.ac.id', 'TOBI FIAMBODO SYECH MAULANA', 1635135455, '[]', '', NULL, 0, '', 'Unset', '2021-10-27 10:27:35'),
('HMPTI163513545597150', 'dia.caem.2019@gmail.com', 'AHMAD DIA ULHAQ', 1635135455, '[]', '', NULL, 0, '', 'Unset', '2021-10-29 08:38:46'),
('HMPTI163513545599106', 'widi_dwi@fikom.udb.ac.id', 'WIDI DWI NURCAHYO', 1635135455, '[]', '', NULL, 0, '', 'Unset', '2021-10-25 11:46:18'),
('HMPTI163513545599139', 'sitifatimah234.sf@gmail.com', 'Siti Fatimah', 1635135455, '[]', '', NULL, 0, '', 'Unset', '2021-10-27 13:48:47'),
('HMPTI163704327510176', '202040241@mhs.udb.ac.id', 'BAGUS ERWANTO', 1637043275, '{\"Email\":\"bagus251001@gmail.com\",\"No_Whatsapp\":\"085602671851\",\"Instansi\":\"Universitas Duta Bangsa Surakarta\"}', '', NULL, 0, '', 'Unset', '2021-11-19 12:14:37'),
('HMPTI163704327517166', 'widi_dwi@fikom.udb.ac.id', 'WIDI DWI NURCAHYO', 1637043275, '{\"Email\":\"widibaka55@gmail.com\",\"No_Whatsapp\":\"081226203761\",\"Instansi\":\"UDB\"}', '', NULL, 0, '', 'Unset', '2021-11-17 14:39:14'),
('HMPTI163704327519174', '202021085@mhs.udb.ac.id', 'Romy Rajawali Nusantara Syaifullah', 1637043275, '{\"Email\":\"202021085@mhs.udb.ac.id\",\"No_Whatsapp\":\"082124954280\",\"Instansi\":\"Teknik Informatika\"}', '', NULL, 0, '', 'Unset', '2021-11-19 10:03:54'),
('HMPTI163704327520168', 'andre.purnama2283@gmail.com', 'bayu rizkhy candra purnama', 1637043275, '{\"Email\":\"andre.purnama2283@gmail.com\",\"No_Whatsapp\":\"085233113296\",\"Instansi\":\"Universitas Duta Bangsa\"}', '', NULL, 0, '', 'Unset', '2021-11-17 22:57:28'),
('HMPTI163704327521157', '202030247@mhs.udb.ac.id', 'JOFAN FATHURAHMAN 2020', 1637043275, '{\"Email\":\"202030247@mhs.udb.ac.id\",\"No_Whatsapp\":\"085702376814\",\"Instansi\":\"Fikom\"}', '', NULL, 0, '', 'Unset', '2021-11-17 12:04:44'),
('HMPTI163704327528179', 'nearueki@gmail.com', 'Ahmad Tomi', 1637043275, '{\"Email\":\"nearueki@gmail.com\",\"No_Whatsapp\":\"08991604796\",\"Instansi\":\"-\"}', '', NULL, 0, '', 'Unset', '2021-11-20 12:04:17'),
('HMPTI163704327531160', 'rhenald_didi@fikom.udb.ac.id', 'RHENALD DIDI RAMADHAN', 1637043275, '{\"Email\":\"rhenald_didi@fikom.udb.ac.id\",\"No_Whatsapp\":\"085725146075\",\"Instansi\":\"UDB\"}', '', NULL, 0, '', 'Unset', '2021-11-17 12:41:23'),
('HMPTI163704327532167', '202020818@mhs.udb.ac.id', 'Yanuar Anggit Setyawan', 1637043275, '{\"Email\":\"yanuaranggit00@gmail.com\",\"No_Whatsapp\":\"081393258420\",\"Instansi\":\"Universitas Duta Bangsa Surakarta\"}', '', NULL, 0, '', 'Unset', '2021-11-17 19:39:02'),
('HMPTI163704327534171', 'samryzal@gmail.com', 'Sam Ryzal', 1637043275, '{\"Email\":\"samryzal@gmail.com\",\"No_Whatsapp\":\"081235627510\",\"Instansi\":\"UIN Sunan Kalijaga\"}', '', NULL, 0, '', 'Unset', '2021-11-19 08:19:14'),
('HMPTI163704327541175', 'deaeka251201@gmail.com', 'Dea Eka Ismatul Prihatin', 1637043275, '{\"Email\":\"deaeka251201@gmail.com\",\"No_Whatsapp\":\"088740002553\",\"Instansi\":\"Politeknik Indonusa Surakarta\"}', '', NULL, 0, '', 'Unset', '2021-11-19 10:56:32'),
('HMPTI163704327543164', '202030119@mhs.udb.ac.id', 'CAHYA DWI SETIAWAN', 1637043275, '{\"Email\":\"cahyads123@gmail.com\",\"No_Whatsapp\":\"082235026236\",\"Instansi\":\"Universitas Duta Bangsa Surakarta\"}', '', NULL, 0, '', 'Unset', '2021-11-17 13:19:27'),
('HMPTI163704327545162', '210103023@mhs.udb.ac.id', 'M. SHOLEH', 1637043275, '{\"Email\":\"210103023@mhs.udb.ac.id\",\"No_Whatsapp\":\"085729909137\",\"Instansi\":\"Universitas Duta Bangsa Surakarta\"}', '', NULL, 0, '', 'Unset', '2021-11-17 12:43:57'),
('HMPTI163704327545163', '202030292@mhs.udb.ac.id', 'Yusuf Bahtiar', 1637043275, '{\"Email\":\"202030292@mhs.udb.ac.id\",\"No_Whatsapp\":\"087812609444\",\"Instansi\":\"Universitas Duta Bangsa Surakarta\"}', '', NULL, 0, '', 'Unset', '2021-11-17 12:56:06'),
('HMPTI163704327546158', '202030077@mhs.udb.ac.id', 'MUCHSIN FIKRI MUHTAROM AFTADIK', 1637043275, '{\"Email\":\"20203077@mhs.udb.ac.id\",\"No_Whatsapp\":\"0895629277123\",\"Instansi\":\"Teknik informatika\"}', '', NULL, 0, '', 'Unset', '2021-11-17 12:25:07'),
('HMPTI163704327550183', 'pnadia352@gmail.com', 'Nadia Amalia Putri', 1637043275, '{\"Email\":\"pnadia352@gmail.com\",\"No_Whatsapp\":\"082138569518\",\"Instansi\":\"UDB\"}', '', NULL, 0, '', 'Unset', '2021-11-23 17:28:44'),
('HMPTI163704327554184', '202040242@mhs.udb.ac.id', 'FANDI AZIZ PRATAMA', 1637043275, '{\"Email\":\"andiazizp123@gmail.com\",\"No_Whatsapp\":\"0895392518509\",\"Instansi\":\"Fakultas Ilmu Komputer - Universitas Duta Bangsa\"}', '', NULL, 0, '', 'Unset', '2021-11-23 18:40:59'),
('HMPTI163704327559181', 'trisna_prabangkara@fikom.udb.ac.id', 'TRISNA PRABANGKARA', 1637043275, '{\"Email\":\"trisna_prabangkara@fikom.udb.ac.id\",\"No_Whatsapp\":\"085705510990\",\"Instansi\":\"Universitas Duta Bangsa\"}', '', NULL, 0, '', 'Unset', '2021-11-23 10:37:45'),
('HMPTI163704327562172', 'rohmat11arief@gmail.com', 'Rohmat Arief Julianto ', 1637043275, '{\"Email\":\"Rohmat11arief@gmail.com \",\"No_Whatsapp\":\"089653386138 \",\"Instansi\":\"Universitas Diponegoro \"}', '', NULL, 0, '', 'Unset', '2021-11-19 08:51:56'),
('HMPTI163704327564159', 'hasimazari24@gmail.com', 'Hasim Azari', 1637043275, '{\"Email\":\"hasimazari24@gmail.com\",\"No_Whatsapp\":\"08975016051\",\"Instansi\":\"Universitas Duta Bangsa Surakarta\"}', '', NULL, 0, '', 'Unset', '2021-11-17 12:37:09'),
('HMPTI163704327567169', '202020602@mhs.udb.ac.id', 'NURBAGUS SAPUTRO', 1637043275, '{\"Email\":\"202020602@mhs.udb.ac.id\",\"No_Whatsapp\":\"085876114144\",\"Instansi\":\"Universitas Duta Bangsa\"}', '', NULL, 0, '', 'Unset', '2021-11-18 10:16:15'),
('HMPTI163704327569180', 'asadillasafitri10@gmail.com', 'asa dilla safitri', 1637043275, '{\"Email\":\"asadillasafitri10@gmail.com\",\"No_Whatsapp\":\"085959077087\",\"Instansi\":\"Universitas Duta Bangsa\"}', '', NULL, 0, '', 'Unset', '2021-11-23 09:59:34'),
('HMPTI163704327575173', '202030295@mhs.udb.ac.id', 'Dian Agil Fadhillah', 1637043275, '{\"Email\":\"202030295@mhs.udb.ac.id\",\"No_Whatsapp\":\"089527395544\",\"Instansi\":\"Universitas Duta Bangsa Surakarta\"}', '', NULL, 0, '', 'Unset', '2021-11-19 09:39:40'),
('HMPTI163704327577170', 'gabrielyafetardana@gmail.com', 'Gabriel Yafet Ardana', 1637043275, '{\"Email\":\"gabrielyafetardana@gmail.com\",\"No_Whatsapp\":\"085158336139\",\"Instansi\":\"Universitas Duta Bangsa \"}', '', NULL, 0, '', 'Unset', '2021-11-18 10:21:17'),
('HMPTI163704327579165', '202020639@mhs.udb.ac.id', 'YAFA ARSYIDA AULIA RAKHMAN 2020', 1637043275, '{\"Email\":\"202020639@mhs.udb.ac.id\",\"No_Whatsapp\":\"08889727492\",\"Instansi\":\"Universitas Duta Bangsa\"}', '', NULL, 0, '', 'Unset', '2021-11-17 13:48:16'),
('HMPTI163704327579177', '202020816@mhs.udb.ac.id', 'AKBAR SYARIF PRATAMA PUTRA', 1637043275, '{\"Email\":\"syarifpp12345@gmail.com\",\"No_Whatsapp\":\"089504865325\",\"Instansi\":\"Universitas Duta Bangsa\"}', '', NULL, 0, '', 'Unset', '2021-11-19 17:58:08'),
('HMPTI163704327581178', '202020767@mhs.udb.ac.id', 'Risqi Wahyudi', 1637043275, '{\"Email\":\"202020767@mhs.udb.ac.id\",\"No_Whatsapp\":\"0895422635347\",\"Instansi\":\"UNIVERSITAS DUTA BANGSA\"}', '', NULL, 0, '', 'Unset', '2021-11-19 18:05:28'),
('HMPTI163704327591182', '202020291@mhs.udb.ac.id', 'SINDHU PURNOMO AJI', 1637043275, '{\"Email\":\"202020291@mhs.udb.ac.id\",\"No_Whatsapp\":\"085726611097\",\"Instansi\":\"Universitas Duta Bangsa Surakarta\"}', '', NULL, 0, '', 'Unset', '2021-11-23 15:52:56'),
('HMPTI163704327596156', '202030304@mhs.udb.ac.id', 'Wihan Perkasa Nugraha Putra', 1637043275, '{\"Email\":\"202030304@mhs.udb.ac.id\",\"No_Whatsapp\":\"081229854638\",\"Instansi\":\"Universitas Duta Bangsa\"}', '', NULL, 0, '', 'Unset', '2021-11-17 10:03:58'),
('HMPTI163704327596161', 'irvanagus2000@gmail.com', 'Irfan Agus Prastowo', 1637043275, '{\"Email\":\"irvanagus2000@gmail.com\",\"No_Whatsapp\":\"085742054070\",\"Instansi\":\"Universitas Duta Bangsa\"}', '', NULL, 0, '', 'Unset', '2021-11-17 12:41:29'),
('HMPTI163704327597155', 'rifqi_firdausi@fikom.udb.ac.id', 'RIFQI FIRDAUSI ARAFADH', 1637043275, '{\"Email\":\"rifqi_firdausi@fikom.udb.ac.id\",\"No_Whatsapp\":\"082138596277\",\"Instansi\":\"udb\"}', '', NULL, 0, '', 'Unset', '2021-11-16 13:28:18'),
('HMPTI164277925310195', '202020639@mhs.udb.ac.id', 'YAFA ARSYIDA AULIA RAKHMAN ', 1642779253, '{\"Nomor_WhatsApp\":\"08889727492\"}', '', NULL, 0, '', 'Unset', '2022-01-26 12:54:01');
INSERT INTO `h_pendaftar` (`id_pendaftar`, `email`, `nama`, `id_event`, `data_tambahan`, `kehadiran`, `pembayaran`, `bintang`, `saran`, `status`, `waktu`) VALUES
('HMPTI164277925312206', 'andreasabipermana@gmail.com', 'Andreas Abi Permana', 1642779253, '{\"Nomor_WhatsApp\":\"081555868161\"}', '', NULL, 5, 'Mantab', 'Unset', '2022-01-26 18:02:34'),
('HMPTI164277925312209', 'hasimazari24@gmail.com', 'Hasim Azari', 1642779253, '{\"Nomor_WhatsApp\":\"08975016051\"}', '', NULL, 0, '', 'Unset', '2022-01-26 19:59:41'),
('HMPTI164277925317196', '202030337@mhs.udb.ac.id', 'Lola Sekar Arum', 1642779253, '{\"Nomor_WhatsApp\":\"081227921892\"}', '', NULL, 0, '', 'Unset', '2022-01-26 12:55:40'),
('HMPTI164277925317213', '190101055@fikom.udb.ac.id', 'SIDIK PURWANTO', 1642779253, '{\"Nomor_WhatsApp\":\"088226654338\"}', '', NULL, 0, '', 'Unset', '2022-01-27 02:24:05'),
('HMPTI164277925318189', '202030304@mhs.udb.ac.id', 'Wihan Perkasa Nugraha Putra', 1642779253, '{\"Nomor_WhatsApp\":\"081229854638\"}', '', NULL, 0, '', 'Unset', '2022-01-26 07:54:11'),
('HMPTI164277925320210', '202021110@mhs.udb.ac.id', 'Atik Sulami', 1642779253, '{\"Nomor_WhatsApp\":\"085228026302\"}', '', NULL, 4, 'Cukup menarik \r\nTerimakasih', 'Unset', '2022-01-26 20:00:35'),
('HMPTI164277925325193', '190103060@fikom.udb.ac.id', 'WAHYU WIJAYA', 1642779253, '{\"Nomor_WhatsApp\":\"081225404589\"}', '', NULL, 5, 'mantap', 'Unset', '2022-01-26 11:54:29'),
('HMPTI164277925326186', '202020243@mhs.udb.ac.id', 'DITA PUTRA PRATAMA', 1642779253, '{\"Nomor_WhatsApp\":\"085156185849\"}', '', NULL, 0, '', 'Unset', '2022-01-25 22:53:47'),
('HMPTI164277925331222', '202030299@mhs.udb.ac.id', 'Muhammad Nur Ikhsanuddin', 1642779253, '{\"Nomor_WhatsApp\":\"085156815391\"}', '', NULL, 0, '', 'Unset', '2022-01-28 15:39:37'),
('HMPTI164277925333191', 'muhamadhanafi1102@gmail.com', 'Muhamad Hanafi', 1642779253, '{\"Nomor_WhatsApp\":\"085213508131\"}', '', NULL, 5, 'Keren dan mengedukasi', 'Unset', '2022-01-26 11:49:16'),
('HMPTI164277925333218', 'ditaputra1296@gmail.com', 'Dita Putra Pratama', 1642779253, '{\"Nomor_WhatsApp\":\"085156185849\"}', '', NULL, 0, '', 'Unset', '2022-01-27 22:26:44'),
('HMPTI164277925334220', '202020767@mhs.udb.ac.id', 'Risqi Wahyudi', 1642779253, '{\"Nomor_WhatsApp\":\"0895422635347\"}', '', NULL, 0, '', 'Unset', '2022-01-28 05:35:21'),
('HMPTI164277925339187', '202040332@mhs.udb.ac.id', 'PUPUT DWI MANDIRI', 1642779253, '{\"Nomor_WhatsApp\":\"0895364741666\"}', '', NULL, 0, '', 'Unset', '2022-01-25 22:57:16'),
('HMPTI164277925343201', '202030247@mhs.udb.ac.id', 'JOFAN FATHURAHMAN 2020', 1642779253, '{\"Nomor_WhatsApp\":\"085702376814\"}', '', NULL, 5, 'Tambahin studi kasus mas', 'Unset', '2022-01-26 15:21:05'),
('HMPTI164277925343202', 'alwanfarisy12@gmail.com', 'Alwan Farisy', 1642779253, '{\"Nomor_WhatsApp\":\"088233406775\"}', '', NULL, 0, '', 'Unset', '2022-01-26 15:50:16'),
('HMPTI164277925346192', 'dia.caem.2019@gmail.com', 'Ahmad Dia Ulhaq', 1642779253, '{\"Nomor_WhatsApp\":\"082387728564\"}', '', NULL, 0, '', 'Unset', '2022-01-26 11:50:29'),
('HMPTI164277925347216', '202030274@mhs.udb.ac.id', 'BAGUS MUHAMMAD LATIF', 1642779253, '{\"Nomor_WhatsApp\":\"085601768909\"}', '', NULL, 0, '', 'Unset', '2022-01-27 12:52:56'),
('HMPTI164277925348212', '202030091@mhs.udb.ac.id', 'Waringin Rejo Kartonyono', 1642779253, '{\"Nomor_WhatsApp\":\"089630889921\"}', '', NULL, 0, '', 'Unset', '2022-01-26 22:33:11'),
('HMPTI164277925349190', 'yogisurya0801@gmail.com', 'Yogi Surya Hartono', 1642779253, '{\"Nomor_WhatsApp\":\"085826658114\"}', '', NULL, 0, '', 'Unset', '2022-01-26 11:47:06'),
('HMPTI164277925351198', 'agumyudhistira86@gmail.com', 'Agum Yudhistira Pratama', 1642779253, '{\"Nomor_WhatsApp\":\"082236332749\"}', '', NULL, 0, '', 'Unset', '2022-01-26 13:28:58'),
('HMPTI164277925352204', '190103117@fikom.udb.ac.id', 'RISMA ADISTY NILASARI', 1642779253, '{\"Nomor_WhatsApp\":\"085641966948\"}', '', NULL, 0, '', 'Unset', '2022-01-26 17:16:16'),
('HMPTI164277925361208', 'adrianusyoga26@gmail.com', 'Adrianus Yoga', 1642779253, '{\"Nomor_WhatsApp\":\"085155460607\"}', '', NULL, 0, '', 'Unset', '2022-01-26 19:07:40'),
('HMPTI164277925361215', 'pramudyaaziz94@gmail.com', 'Pramudya Aziz Wisnuadi', 1642779253, '{\"Nomor_WhatsApp\":\"089672731700\"}', '', NULL, 0, '', 'Unset', '2022-01-27 09:29:05'),
('HMPTI164277925362205', '202030292@mhs.udb.ac.id', 'Yusuf Bahtiar', 1642779253, '{\"Nomor_WhatsApp\":\"087812609444\"}', '', NULL, 0, '', 'Unset', '2022-01-26 17:32:44'),
('HMPTI164277925365219', '202020345@mhs.udb.ac.id', 'Iqbal Hanan Junaidi', 1642779253, '{\"Nomor_WhatsApp\":\"089529025529\"}', '', NULL, 0, '', 'Unset', '2022-01-28 00:35:16'),
('HMPTI164277925368194', '202020528@mhs.udb.ac.id', 'MUHAMMAD DAIVANY NUR AULIYA SALEH 2020', 1642779253, '{\"Nomor_WhatsApp\":\"085865642715\"}', '', NULL, 0, '', 'Unset', '2022-01-26 12:12:27'),
('HMPTI164277925369214', 'haryaninurani6@gmail.com', 'Nur Ani Haryani', 1642779253, '{\"Nomor_WhatsApp\":\"088220238479\"}', '', NULL, 0, '', 'Unset', '2022-01-27 05:24:46'),
('HMPTI164277925372200', 'muhammadardhan54@gmail.com', 'Muhammad Ardhan A', 1642779253, '{\"Nomor_WhatsApp\":\"089673393630\"}', '', NULL, 5, 'Bagus', 'Unset', '2022-01-26 15:19:29'),
('HMPTI164277925376188', '202020967@mhs.udb.ac.id', 'Hiyarunnisa Kahes Waypi', 1642779253, '{\"Nomor_WhatsApp\":\"081958024258\"}', '', NULL, 0, '', 'Unset', '2022-01-25 22:57:31'),
('HMPTI164277925376217', 'asadillasafitri10@gmail.com', 'asa dilla safitri', 1642779253, '{\"Nomor_WhatsApp\":\"085959077087\"}', '', NULL, 0, '', 'Unset', '2022-01-27 19:56:58'),
('HMPTI164277925378207', 'maulanayulidar@gmail.com', 'Yulidar Maulana Ivan Saputra', 1642779253, '{\"Nomor_WhatsApp\":\"0895610817331\"}', '', NULL, 0, '', 'Unset', '2022-01-26 19:05:48'),
('HMPTI164277925383221', 'esteranugrayningtyas@gmail.com', 'Ester Anugrayningtyas', 1642779253, '{\"Nomor_WhatsApp\":\"081515509803\"}', '', NULL, 0, '', 'Unset', '2022-01-28 13:44:15'),
('HMPTI164277925387185', '210103163@mhs.udb.ac.id', 'DINITA CHRISTY PRATIWI', 1642779253, '{\"Nomor_WhatsApp\":\"08995336940\"}', '', NULL, 0, '', 'Unset', '2022-01-25 21:56:23'),
('HMPTI164277925391199', '202021085@mhs.udb.ac.id', 'Romy Rajawali Nusantara Syaifullah', 1642779253, '{\"Nomor_WhatsApp\":\"082124954280\"}', '', NULL, 0, '', 'Unset', '2022-01-26 15:03:35'),
('HMPTI164277925392197', '190103168@fikom.udb.ac.id', 'RIO SURYO LAKSONO', 1642779253, '{\"Nomor_WhatsApp\":\"082118913166\"}', '', NULL, 0, '', 'Unset', '2022-01-26 13:04:24'),
('HMPTI164277925397203', 'meraldyfiko24@gmail.com', 'Meraldy Fiko Rastio Ajie', 1642779253, '{\"Nomor_WhatsApp\":\"0895385210080\"}', '', NULL, 0, '', 'Unset', '2022-01-26 17:10:08'),
('HMPTI164277925398211', '202020161@mhs.udb.ac.id', 'JOKO SUSANTO', 1642779253, '{\"Nomor_WhatsApp\":\"085649928040\"}', '', NULL, 0, '', 'Unset', '2022-01-26 20:53:08'),
('HMPTI164476509523242', '202020528@mhs.udb.ac.id', 'MUHAMMAD DAIVANY NUR AULIYA SALEH 2020', 1644765095, '{\"Email\":\"Muhammaddaivany@gmail.com\",\"Nomor_WhatsApp\":\"085865642715\"}', '', NULL, 0, '', 'Unset', '2022-02-24 17:03:44'),
('HMPTI164476509525224', '190101169@fikom.udb.ac.id', 'HELMI ADI PRASETYO', 1644765095, '{\"Email\":\"190101169@fikom.udb.ac.id\",\"Nomor_WhatsApp\":\"082243929588\"}', '', NULL, 0, '', 'Unset', '2022-02-22 13:20:41'),
('HMPTI164476509526226', '202030292@mhs.udb.ac.id', 'Yusuf Bahtiar', 1644765095, '{\"Email\":\"202030292@mhs.udb.ac.id\",\"Nomor_WhatsApp\":\"087812609444\"}', '', NULL, 0, '', 'Unset', '2022-02-22 13:40:53'),
('HMPTI164476509528236', 'hasimazari24@gmail.com', 'Hasim Azari', 1644765095, '{\"Email\":\"hasimazari24@gmail.com\",\"Nomor_WhatsApp\":\"08975016051\"}', '', NULL, 0, '', 'Unset', '2022-02-24 14:33:17'),
('HMPTI164476509530237', '202021110@mhs.udb.ac.id', 'Atik Sulami', 1644765095, '{\"Email\":\"atiksulami12@gmail.com\",\"Nomor_WhatsApp\":\"085228026302\"}', 'kehadiran-HMPTI164476509530237-1644765095.jpg?1646', NULL, 5, 'cukup baik dan materinya sangat menarik. Terimakasih', 'Unset', '2022-02-24 14:40:24'),
('HMPTI164476509551232', 'andiazizp123@gmail.com', 'Fandi Aziz Pratama', 1644765095, '{\"Email\":\"andiazizp123@gmail.com\",\"Nomor_WhatsApp\":\"0895392518509\"}', 'kehadiran-HMPTI164476509551232-1644765095.jpg?1646', NULL, 5, 'mantap', 'Unset', '2022-02-23 13:24:13'),
('HMPTI164476509554240', '202020430@mhs.udb.ac.id', 'Ramadhan Qodri Hardiansyah', 1644765095, '{\"Email\":\"202020430@mhs.udb.ac.id\",\"Nomor_WhatsApp\":\"08995226718\"}', '', NULL, 0, '', 'Unset', '2022-02-24 16:39:24'),
('HMPTI164476509555227', 'irvanagus2000@gmail.com', 'Irfan Agus Prastowo', 1644765095, '{\"Email\":\"irvanagus2000@gmail.com\",\"Nomor_WhatsApp\":\"085742054070\"}', '', NULL, 0, '', 'Unset', '2022-02-22 13:47:03'),
('HMPTI164476509560234', '202030304@mhs.udb.ac.id', 'Wihan Perkasa Nugraha Putra', 1644765095, '{\"Email\":\"wihanperkasa@gmail.com\",\"Nomor_WhatsApp\":\"081229854638\"}', '', NULL, 5, 'kalau bisa mungkin kedepannya bisa diperbanyak lagi hadiah dari kuisnya.', 'Unset', '2022-02-24 14:20:23'),
('HMPTI164476509563233', 'nugrohor370@gmail.com', 'Riski Nugroho', 1644765095, '{\"Email\":\"nugrohor370@gmail.com\",\"Nomor_WhatsApp\":\"0859140597511\"}', 'kehadiran-HMPTI164476509563233-1644765095.jpg?1645', NULL, 5, 'semoga kedepan nya sibarmati semakin maju', 'Unset', '2022-02-23 16:59:32'),
('HMPTI164476509566228', 'abdulassidiq17@gmail.com', 'Abdul Hafid Assidiq', 1644765095, '{\"Email\":\"abdulassidiq17@gmail.com\",\"Nomor_WhatsApp\":\"085645297912\"}', '', NULL, 0, '', 'Unset', '2022-02-22 14:25:43'),
('HMPTI164476509566230', 'ditaputra1296@gmail.com', 'Dita Putra Pratama', 1644765095, '{\"Email\":\"ditaputra1296@gmail.com\",\"Nomor_WhatsApp\":\"085156185849\"}', '', NULL, 0, '', 'Unset', '2022-02-22 19:18:53'),
('HMPTI164476509568243', '190103060@fikom.udb.ac.id', 'WAHYU WIJAYA', 1644765095, '{\"Email\":\"Wahyussh1@gmail.com\",\"Nomor_WhatsApp\":\"081225404589\"}', '', NULL, 0, '', 'Unset', '2022-02-24 17:06:32'),
('HMPTI164476509569231', 'faridqoim23@gmail.com', 'Farid Qo\'im', 1644765095, '{\"Email\":\"faridqoim23@gmail.com\",\"Nomor_WhatsApp\":\"085747970438\"}', '', NULL, 0, '', 'Unset', '2022-02-23 10:58:51'),
('HMPTI164476509571229', 'widibaka55@gmail.com', 'widi baka', 1644765095, '{\"Email\":\"widibaka55@gmail.com\",\"Nomor_WhatsApp\":\"081226203761\"}', '', NULL, 0, '', 'Unset', '2022-02-22 17:02:59'),
('HMPTI164476509575244', 'susantojoko809@gmail.com', 'Joko Susanto', 1644765095, '{\"Email\":\"susantojoko809@gmail.com\",\"Nomor_WhatsApp\":\"085649928040\"}', '', NULL, 0, '', 'Unset', '2022-02-25 10:47:56'),
('HMPTI164476509579223', '210103015@mhs.udb.ac.id', 'FAUZAN CAHYO NUGROHO', 1644765095, '{\"Email\":\"fauzan20cn@gmail.com\",\"Nomor_WhatsApp\":\"081386138480\"}', '', NULL, 0, '', 'Unset', '2022-02-22 13:18:06'),
('HMPTI164476509582225', 'irapalupi9@gmail.com', 'ira palupi', 1644765095, '{\"Email\":\"irapalupi9@gmail.com\",\"Nomor_WhatsApp\":\"081287810409\"}', '', NULL, 0, '', 'Unset', '2022-02-22 13:34:14'),
('HMPTI164476509583239', '202020893@mhs.udb.ac.id', 'Wahyu Adi Pratama', 1644765095, '{\"Email\":\"202020893@mhs.udb.ac.id\",\"Nomor_WhatsApp\":\"082241850256\"}', '', NULL, 0, '', 'Unset', '2022-02-24 15:09:50'),
('HMPTI164476509584246', '202030247@mhs.udb.ac.id', 'JOFAN FATHURAHMAN 2020', 1644765095, '{\"Email\":\"202030247@mhs.udb.ac.id\",\"Nomor_WhatsApp\":\"085702376814\"}', 'kehadiran-HMPTI164476509584246-1644765095.jpg?1645', NULL, 5, 'Keren bgt sumpah, ilmu yang mahal. Saya suka.', 'Unset', '2022-02-25 20:40:46'),
('HMPTI164476509590238', '202030240@mhs.udb.ac.id', 'PRABA MILANTINO ARUNA RESPATI KUMARA', 1644765095, '{\"Email\":\"202030240@mhs.udb.ac.id\",\"Nomor_WhatsApp\":\"089649196024\"}', '', NULL, 0, '', 'Unset', '2022-02-24 14:46:10'),
('HMPTI164476509594250', 'afdulfauzan03@gmail.com', 'Afdul Fauzan', 1644765095, '{\"Email\":\"afdulfauzan03@gmail.com\",\"Nomor_WhatsApp\":\"081215961734\"}', '', NULL, 0, '', 'Unset', '2022-02-26 11:25:35'),
('HMPTI164476509597235', 'fitroha947@gmail.com', 'Fitroh Ahmad Abdul Aziz', 1644765095, '{\"Email\":\"fitroha947@gmail.com\",\"Nomor_WhatsApp\":\"081228852730\"}', '', NULL, 0, '', 'Unset', '2022-02-24 14:21:14'),
('HMPTI164476509597241', 'rifqi_firdausi@fikom.udb.ac.id', 'RIFQI FIRDAUSI ARAFADH', 1644765095, '{\"Email\":\"rifqi_firdausi@fikom.udb.ac.id\",\"Nomor_WhatsApp\":\"082138596277\"}', '', NULL, 0, '', 'Unset', '2022-02-24 16:43:35'),
('HMPTI1645334027100296', 'widibaka55@gmail.com', 'WIDI DWI NURCAHYO', 1645334027, '[]', '', 'pembayaran-219413110-1645334027.jpg?1646565947', 0, '', 'Unset', '2022-03-06 18:25:47'),
('HMPTI164533402710394', 'velinda_febriana@fikom.udb.ac.id', 'VELINDA FEBRIANA', 1645334027, '[]', '', 'pembayaran-2465626039-1645334027.jpg?1659348041', 0, '', 'Valid', '2022-08-01 17:00:41'),
('HMPTI164533402712270', 'ikasari_dewi@fikom.udb.ac.id', 'IKASARI DEWI', 1645334027, '[]', 'kehadiran-HMPTI164533402712270-1645334027.jpg?1647', 'pembayaran-971454499-1645334027.jpg?1646212285', 5, 'Lebih tingkatkan lagi seminarnya', 'Valid', '2022-03-02 16:11:25'),
('HMPTI164533402712273', 'arryanmaharta@gmail.com', 'Dwi Ariyanto', 1645334027, '[]', 'kehadiran-HMPTI164533402712273-1645334027.jpg?1647', 'pembayaran-585025955-1645334027.jpg?1646271886', 4, 'sangat bermanfaat', 'Valid', '2022-03-03 08:44:46'),
('HMPTI164533402713305', '190103202@fikom.udb.ac.id', 'AJI SETYAWAN DAMAR SOYOGA', 1645334027, '[]', 'kehadiran-HMPTI164533402713305-1645334027.jpg?1647', 'pembayaran-357511787-1645334027.jpg?1646649326', 4, 'mantap', 'Valid', '2022-03-07 17:35:26'),
('HMPTI164533402713392', 'softi_ulin@fikom.udb.ac.id', 'SOFTI ULIN NUHA', 1645334027, '[]', '', 'pembayaran-3563525475-1645334027.jpg?1659347666', 0, '', 'Valid', '2022-08-01 16:54:26'),
('HMPTI164533402714292', 'rifqi_firdausi@fikom.udb.ac.id', 'RIFQI FIRDAUSI ARAFADH', 1645334027, '[]', '', 'pembayaran-465011957-1645334027.jpg?1646531883', 0, '', 'Unset', '2022-03-06 08:58:03'),
('HMPTI164533402714343', 'aura_dewi@fikom.udb.ac.id', 'AURA DEWI ARAFURU', 1645334027, '[]', 'kehadiran-HMPTI164533402714343-1645334027.jpg?1647', 'pembayaran-755033711-1645334027.jpg?1647011055', 5, 'bagus', 'Valid', '2022-03-11 22:04:15'),
('HMPTI164533402715264', 'wibowoarisusanto123@gmail.com', 'Wibowo Ari Susanto', 1645334027, '[]', '', 'pembayaran-1525570589-1645334027.jpg?1646189341', 0, '', 'Unset', '2022-03-02 09:49:01'),
('HMPTI164533402715285', 'imam_aditiya@fikom.udb.ac.id', 'IMAM ADITIYA', 1645334027, '[]', 'kehadiran-HMPTI164533402715285-1645334027.jpg?1647', 'pembayaran-515915856-1645334027.jpg?1646389069', 5, 'Lebih ditingkatkan dalam penyajian ulasan materi', 'Valid', '2022-03-04 17:17:49'),
('HMPTI164533402715300', 'andiazizp123@gmail.com', 'Fandi Aziz Pratama ', 1645334027, '[]', 'kehadiran-HMPTI164533402715300-1645334027.jpg?1647', 'pembayaran-2811171026-1645334027.jpg?1646573329', 5, 'Mantap, bagus, sempurna', 'Valid', '2022-03-06 20:28:49'),
('HMPTI164533402715466', 'arif_eko@fikom.udb.ac.id', 'ARIF EKO FITRIANTO', 1645334027, '[]', '', 'pembayaran-2823566246-1645334027.jpg?1664859704', 0, '', 'Valid', '2022-10-04 12:01:44'),
('HMPTI164533402716275', 'jofan.fathurahman@gmail.com', 'jofan fathurahman', 1645334027, '[]', 'kehadiran-HMPTI164533402716275-1645334027.jpg?1647', 'pembayaran-3190024048-1645334027.jpg?1646298523', 5, 'Nice acara', 'Valid', '2022-03-03 16:08:43'),
('HMPTI164533402717326', '190101258@fikom.udb.ac.id', 'YAYANG RIZKI PRATAMA', 1645334027, '[]', '', 'pembayaran-1496918190-1645334027.jpg?1646877010', 0, '', 'Unset', '2022-03-10 08:50:10'),
('HMPTI164533402718247', 'dia.caem.2019@gmail.com', 'AHMAD DIA ULHAQ', 1645334027, '[]', 'kehadiran-HMPTI164533402718247-1645334027.jpg?1647', 'pembayaran-1414708500-1645334027.jpg?1645837588', 3, 'Sudah Cukup', 'Valid', '2022-02-26 08:06:28'),
('HMPTI164533402719339', 'acahyaputra1@gmail.com', 'Afuw Cahya Putra', 1645334027, '[]', 'kehadiran-HMPTI164533402719339-1645334027.jpg?1647', 'pembayaran-2732797872-1645334027.jpg?1646996541', 5, 'Mantap', 'Valid', '2022-03-11 18:02:21'),
('HMPTI164533402720258', 'nurinawati_aprillia@fikom.udb.ac.id', 'NURINAWATI APRILLIA HANUM', 1645334027, '[]', 'kehadiran-HMPTI164533402720258-1645334027.jpg?1647', 'pembayaran-1690110761-1645334027.jpg?1646093465', 5, 'Ditunggu webinarnya bulan depan', 'Valid', '2022-03-01 07:11:05'),
('HMPTI164533402720295', 'eylawinar1212@gmail.com', 'Elia Winarsih', 1645334027, '[]', 'kehadiran-HMPTI164533402720295-1645334027.jpg?1647', 'pembayaran-2725594183-1645334027.jpg?1646565230', 3, 'Sering\" Adain webinar seperti ini yang bermanfaat dan menambah wawasan bagian pendengarnya', 'Valid', '2022-03-06 18:13:50'),
('HMPTI164533402720332', 'hendyagustiyan0208@gmail.com', 'hendy agustiyan', 1645334027, '[]', 'kehadiran-HMPTI164533402720332-1645334027.jpg?1647', 'pembayaran-571048638-1645334027.jpg?1646925630', 3, 'Makasih ilmunya', 'Unset', '2022-03-10 22:20:30'),
('HMPTI164533402720334', '190103194@fikom.udb.ac.id', 'NUR MAHAR AJI', 1645334027, '[]', 'kehadiran-HMPTI164533402720334-1645334027.jpg?1647', 'pembayaran-1819139997-1645334027.jpg?1646960246', 4, 'fungsikan co-host untuk mute partisipan', 'Valid', '2022-03-11 07:57:26'),
('HMPTI164533402724252', 'pineda_prima@fikom.udb.ac.id', 'PINEDA PRIMA YOGA', 1645334027, '[]', 'kehadiran-HMPTI164533402724252-1645334027.jpg?1647', 'pembayaran-1113224938-1645334027.jpg?1645868828', 5, 'Nice', 'Valid', '2022-02-26 16:47:08'),
('HMPTI164533402726277', '202030207@mhs.udb.ac.id', 'Rizqy Mahendra Abdul Rahman', 1645334027, '[]', 'kehadiran-HMPTI164533402726277-1645334027.jpg?1647', 'pembayaran-3202994984-1645334027.jpg?1646309691', 5, 'Memperbanyak Membahas tentang Cyber Security', 'Valid', '2022-03-03 19:14:51'),
('HMPTI164533402726329', 'aniseptiasari123@gmail.com', 'Ani SeptiaSari', 1645334027, '[]', 'kehadiran-HMPTI164533402726329-1645334027.jpg?1647', 'pembayaran-146554708-1645334027.jpg?1646909395', 5, 'semoga lebik baik kedepanya dan untuk seterusnya atau berikutnya bisa diadakan lagi webinar yang seru dan menarik, sehingga banyak orang yang termotivasi dan ikutan webinar.', 'Valid', '2022-03-10 17:49:55'),
('HMPTI164533402728318', '202030350@mhs.udb.ac.id', 'Enggar Wijaya Putra', 1645334027, '[]', 'kehadiran-HMPTI164533402728318-1645334027.jpg?1647', 'pembayaran-3833219434-1645334027.jpg?1646810318', 4, 'mungkin sudah baik', 'Valid', '2022-03-09 14:18:38'),
('HMPTI164533402729284', 'sokhiful_arfi@fikom.udb.ac.id', 'SOKHIFUL ARFI', 1645334027, '[]', 'kehadiran-HMPTI164533402729284-1645334027.jpg?1647', 'pembayaran-822175047-1645334027.jpg?1646380701', 5, 'Semoga menjadi lebih baik lagi', 'Valid', '2022-03-04 14:58:21'),
('HMPTI164533402729288', 'novikaanggraini034@gmail.com', 'Novika Anggraini', 1645334027, '[]', 'kehadiran-HMPTI164533402729288-1645334027.jpg?1647', 'pembayaran-923517926-1645334027.jpg?1646476719', 5, 'Secara keseluruhan semua sudah sangat baik, materinyapun sangat bermanfaat', 'Valid', '2022-03-05 17:38:39'),
('HMPTI164533402729395', '190103102@fikom.udb.ac.id', 'FENO REGA BAGUS PRAMUDYA', 1645334027, '[]', '', 'pembayaran-811242818-1645334027.jpg?1659348056', 0, '', 'Valid', '2022-08-01 17:00:56'),
('HMPTI164533402730263', 'arifiananggara50@gmail.com', 'ARIFIAN ANGGARA', 1645334027, '[]', 'kehadiran-HMPTI164533402730263-1645334027.jpg?1647', 'pembayaran-2006682637-1645334027.jpg?1646188792', 5, 'Sangat terbaik', 'Valid', '2022-03-02 09:39:52'),
('HMPTI164533402731304', '202020980@mhs.udb.ac.id', 'Dhimas Arya Rakadipa', 1645334027, '[]', 'kehadiran-HMPTI164533402731304-1645334027.jpg?1647', 'pembayaran-2930301778-1645334027.jpg?1646644996', 3, 'supaya ada event seperti ini lagi', 'Valid', '2022-03-07 16:23:16'),
('HMPTI164533402731310', 'fitrohahmad8@gmail.com', 'Fitroh Ahmad Abdul Aziz', 1645334027, '[]', 'kehadiran-HMPTI164533402731310-1645334027.jpg?1647', 'pembayaran-3739849492-1645334027.jpg?1646736774', 5, 'bagus, saya mulai dapat pencerahan', 'Valid', '2022-03-08 17:52:54'),
('HMPTI164533402731338', 'divaaurelia81@gmail.com', 'DIVA AURELIA KIRANA DEWATI', 1645334027, '[]', 'kehadiran-HMPTI164533402731338-1645334027.jpg?1647', 'pembayaran-2162900744-1645334027.jpg?1646994895', 5, 'semoga kedepannya jauh lebih baik lagi', 'Valid', '2022-03-11 17:34:55'),
('HMPTI164533402731340', 'anjarnurmalita111201@gmail.com', 'Anjar Nurmalita Sari', 1645334027, '[]', 'kehadiran-HMPTI164533402731340-1645334027.jpg?1647', 'pembayaran-3878649549-1645334027.jpg?1646997799', 5, 'Semoga ilmunya bisa bermanfaat', 'Valid', '2022-03-11 18:23:19'),
('HMPTI164533402732266', 'toni_kurniawan@fikom.udb.ac.id', 'TONI KURNIAWAN', 1645334027, '[]', 'kehadiran-HMPTI164533402732266-1645334027.jpg?1647', 'pembayaran-3914130935-1645334027.jpg?1646192292', 5, 'Ditunggu event selanjutnya.', 'Valid', '2022-03-02 10:38:12'),
('HMPTI164533402733317', '210103211@mhs.udb.ac.id', 'DANIEL FERDINAND HAFITH', 1645334027, '[]', 'kehadiran-HMPTI164533402733317-1645334027.jpg?1647', 'pembayaran-1231537160-1645334027.jpg?1646807525', 5, 'Tolong panitia lebih sigap apabila ada gangguan', 'Valid', '2022-03-09 13:32:05'),
('HMPTI164533402733328', 'yudha_tri@fikom.udb.ac.id', 'YUDHA TRI ANGGORO HARYONO PUTRO', 1645334027, '[]', 'kehadiran-HMPTI164533402733328-1645334027.jpg?1647', 'pembayaran-609191663-1645334027.jpg?1646896056', 5, 'Webinarnya bermanfaat terima kasih', 'Valid', '2022-03-10 14:07:36'),
('HMPTI164533402734249', 'fitriu090@gmail.com', 'Fitri Utami', 1645334027, '[]', 'kehadiran-HMPTI164533402734249-1645334027.jpg?1647', 'pembayaran-2612420543-1645334027.jpg?1645842571', 5, 'tingkatkan lagi', 'Valid', '2022-02-26 09:29:31'),
('HMPTI164533402735290', 'anggieapriliana93@gmail.com', 'Anggie Apriliana', 1645334027, '[]', 'kehadiran-HMPTI164533402735290-1645334027.jpg?1647', 'pembayaran-567437829-1645334027.jpg?1646497111', 5, 'Sangat bagus dan bisa memberi ilmu yang sangat baik, serta penyampaian materi yang sangat menarik.', 'Valid', '2022-03-05 23:18:31'),
('HMPTI164533402735308', 'eraayu2255@gmail.com', 'Era Ayu', 1645334027, '[]', 'kehadiran-HMPTI164533402735308-1645334027.jpg?1647', 'pembayaran-1713338450-1645334027.jpg?1646718268', 4, 'Web sangat menarik dan informatif Kritik dan Saran, sering-sering diadakan webinar semacam ini, agar mahasiswa dan umum dapat ilmu yang baru', 'Valid', '2022-03-08 12:44:28'),
('HMPTI164533402736251', 'rizkyanditto6@gmail.com', 'Muhammad Rizqi Andito Gymnastiar', 1645334027, '[]', 'kehadiran-HMPTI164533402736251-1645334027.jpg?1647', 'pembayaran-1931599863-1645334027.jpg?1645854414', 5, 'menjadi lebih baik', 'Valid', '2022-02-26 12:46:54'),
('HMPTI164533402736276', '202020161@mhs.udb.ac.id', 'JOKO SUSANTO', 1645334027, '[]', 'kehadiran-HMPTI164533402736276-1645334027.jpg?1647', 'pembayaran-719561398-1645334027.jpg?1646299698', 5, 'Webinar yang sangat menarik dan menambah wawasan ilmu tentan keamanan dalam internet', 'Valid', '2022-03-03 16:28:18'),
('HMPTI164533402736309', '202030065@mhs.udb.ac.id', 'RIZAL DWI SAPUTRA', 1645334027, '[]', 'kehadiran-HMPTI164533402736309-1645334027.jpg?1647', 'pembayaran-3907251086-1645334027.jpg?1646730472', 4, 'Pelajaran cyber itu sangat baik dan agak susah dipelajari akan tetapi kita dapat belajar mulai awal hari ini terimakasih materinya', 'Valid', '2022-03-08 16:07:52'),
('HMPTI164533402736323', '190103162@fikom.udb.ac.id', 'KHAIRUN NISAK NUGRAHANI', 1645334027, '[]', 'kehadiran-HMPTI164533402736323-1645334027.jpg?1647', 'pembayaran-134961099-1645334027.jpg?1646828959', 5, 'Sudah Baik', 'Valid', '2022-03-09 19:29:19'),
('HMPTI164533402737278', 'arga_dahana@fikom.udb.ac.id', 'ARGA DAHANA PUTRA', 1645334027, '[]', 'kehadiran-HMPTI164533402737278-1645334027.jpg?1647', 'pembayaran-4245148267-1645334027.jpg?1646312851', 5, 'Baik baik', 'Valid', '2022-03-03 20:07:31'),
('HMPTI164533402738291', 'naufalchoirulananda@gmail.com', 'Naufal Choirul Ananda', 1645334027, '[]', 'kehadiran-HMPTI164533402738291-1645334027.jpg?1647', 'pembayaran-1638444314-1645334027.jpg?1646522782', 5, 'Kedepan mungkin seminar tentang dunia pemorgraman bisa lebih diperbanyak', 'Valid', '2022-03-06 06:26:22'),
('HMPTI164533402739330', '202030108@mhs.udb.ac.id', 'ROSYID RAFI IRAWAN', 1645334027, '[]', 'kehadiran-HMPTI164533402739330-1645334027.jpg?1647', 'pembayaran-2736863541-1645334027.jpg?1646910918', 4, 'tidak ada saran sudah baik', 'Valid', '2022-03-10 18:15:18'),
('HMPTI164533402740269', 'reynendra_irfan@fikom.udb.ac.id', 'REYNENDRA IRFAN PRASETYA', 1645334027, '[]', 'kehadiran-HMPTI164533402740269-1645334027.jpg?1647', 'pembayaran-212571723-1645334027.jpg?1646209753', 5, 'tidak ada', 'Valid', '2022-03-02 15:29:13'),
('HMPTI164533402740324', '202030354@mhs.udb.ac.id', 'Nur Arifah Raharisti', 1645334027, '[]', 'kehadiran-HMPTI164533402740324-1645334027.jpg?1647', 'pembayaran-3837793214-1645334027.jpg?1646829842', 5, 'Udah baik tapi ditingkatkan lagi', 'Valid', '2022-03-09 19:44:02'),
('HMPTI164533402741286', 'asadillah_bahril@fikom.udb.ac.id', 'ASADILLAH BAHRIL RIZKI ANANTO', 1645334027, '[]', 'kehadiran-HMPTI164533402741286-1645334027.jpg?1647', 'pembayaran-1020451845-1645334027.jpg?1646404354', 5, 'maaf tadi saya lupa ss saat sudah dimulai', 'Valid', '2022-03-04 21:32:34'),
('HMPTI164533402743311', '202020870@mhs.udb.ac.id', 'Meraldy Fiko Rastio Ajie', 1645334027, '[]', 'kehadiran-HMPTI164533402743311-1645334027.jpg?1647', 'pembayaran-4141743495-1645334027.jpg?1646741039', 5, 'Tingkatkan lagi', 'Valid', '2022-03-08 19:03:59'),
('HMPTI164533402744256', 'ribkaangeliaaa@gmail.com', 'ribka angelia', 1645334027, '[]', '', 'pembayaran-73713768-1645334027.jpg?1646026790', 0, '', 'Invalid', '2022-02-28 12:39:50'),
('HMPTI164533402745280', 'indraindraaja17@gmail.com', 'Yohanes Indra Kristiawan', 1645334027, '[]', 'kehadiran-HMPTI164533402745280-1645334027.jpg?1647', 'pembayaran-1026520242-1645334027.jpg?1646354374', 5, 'Acaranya seru', 'Valid', '2022-03-04 07:39:34'),
('HMPTI164533402745322', 'maskhulryant28@gmail.com', 'Maskhul Ryan', 1645334027, '[]', 'kehadiran-HMPTI164533402745322-1645334027.jpg?1647', 'pembayaran-1751793283-1645334027.jpg?1646826064', 4, 'Mantap', 'Valid', '2022-03-09 18:41:04'),
('HMPTI164533402746313', 'yogasetyawan3110@gmail.com', 'Yoga Setyawan', 1645334027, '[]', 'kehadiran-HMPTI164533402746313-1645334027.jpg?1647', 'pembayaran-2080916528-1645334027.jpg?1646750003', 5, 'untuk event selanjutnya tentang blokchain ya', 'Valid', '2022-03-08 21:33:23'),
('HMPTI164533402749245', '190103060@fikom.udb.ac.id', 'WAHYU WIJAYA', 1645334027, '[]', 'kehadiran-HMPTI164533402749245-1645334027.jpg?1647', 'pembayaran-237768006-1645334027.jpg?1645784585', 5, 'Bagus', 'Valid', '2022-02-25 17:23:05'),
('HMPTI164533402749253', 'mohiqbal424@gmail.com', 'Muhammad Iqbal', 1645334027, '[]', 'kehadiran-HMPTI164533402749253-1645334027.jpg?1647', 'pembayaran-668455736-1645334027.jpg?1645949574', 5, 'adakan seminar serupa', 'Valid', '2022-02-27 15:12:54'),
('HMPTI164533402750336', '202020929@mhs.udb.ac.id', 'Dwi Kurniawan Saputro', 1645334027, '[]', 'kehadiran-HMPTI164533402750336-1645334027.jpg?1647', 'pembayaran-2623322308-1645334027.jpg?1646972177', 3, 'Semoga tambah mantap kedepannya', 'Valid', '2022-03-11 11:16:17'),
('HMPTI164533402751320', '190103178@fikom.udb.ac.id', 'ANDI LESTIANTO', 1645334027, '[]', 'kehadiran-HMPTI164533402751320-1645334027.jpg?1647', 'pembayaran-1935261380-1645334027.jpg?1646814099', 5, 'Next adakan seminar dengan topik2 yang menarik lagi', 'Valid', '2022-03-09 15:21:39'),
('HMPTI164533402752268', 'masithoh144@gmail.com', 'Isti Masithoh', 1645334027, '[]', 'kehadiran-HMPTI164533402752268-1645334027.jpg?1647', 'pembayaran-35179458-1645334027.jpg?1646197533', 5, 'Bagus', 'Valid', '2022-03-02 12:05:33'),
('HMPTI164533402752306', 'muh_amin@fikom.udb.ac.id', 'MUH AMIN FAIZ NUR RIDHO', 1645334027, '[]', 'kehadiran-HMPTI164533402752306-1645334027.jpg?1647', 'pembayaran-1915724585-1645334027.jpg?1646710583', 4, 'Tidak ada', 'Valid', '2022-03-08 10:36:23'),
('HMPTI164533402752345', '190101202@fikom.udb.ac.id', 'IBNU WILDAN AL MUNA', 1645334027, '[]', 'kehadiran-HMPTI164533402752345-1645334027.jpg?1647', 'pembayaran-1388989760-1645334027.jpg?1647049671', 4, 'Tetap Semangat , Salam Moving', 'Valid', '2022-03-12 08:47:51'),
('HMPTI164533402753257', 'restugilang122@gmail.com', 'RESTU GILANG WIJANARKO', 1645334027, '[]', 'kehadiran-HMPTI164533402753257-1645334027.jpg?1647', 'pembayaran-1489432757-1645334027.jpg?1646058477', 5, '.', 'Valid', '2022-02-28 21:27:57'),
('HMPTI164533402755262', 'lenymonicaa24@gmail.com', 'Leny Monica', 1645334027, '[]', 'kehadiran-HMPTI164533402755262-1645334027.jpg?1647', 'pembayaran-673643770-1645334027.jpg?1646188585', 5, 'Sudah cukup baik, mungkin diperbanyak webinar seperti inj', 'Valid', '2022-03-02 09:36:25'),
('HMPTI164533402755344', 'radyan_galang@fikom.udb.ac.id', 'RADYAN GALANG PRATITA', 1645334027, '[]', 'kehadiran-HMPTI164533402755344-1645334027.jpg?1647', 'pembayaran-2563809544-1645334027.jpg?1647011091', 5, 'tetap semangat', 'Valid', '2022-03-11 22:04:51'),
('HMPTI164533402757337', '202030397@mhs.udb.ac.id', 'Amalia Yusrina Lutfiani', 1645334027, '[]', '', 'pembayaran-778846806-1645334027.jpg?1646987787', 0, '', 'Unset', '2022-03-11 15:36:27'),
('HMPTI164533402761248', 'andreasabipermana@gmail.com', 'Andreas Abi Permana', 1645334027, '[]', 'kehadiran-HMPTI164533402761248-1645334027.jpg?1647', 'pembayaran-3947224556-1645334027.jpg?1645840403', 5, 'Ntapps', 'Valid', '2022-02-26 08:53:23'),
('HMPTI164533402762321', '202020893@mhs.udb.ac.id', 'Wahyu Adi Pratama', 1645334027, '[]', 'kehadiran-HMPTI164533402762321-1645334027.jpg?1647', 'pembayaran-43532947-1645334027.jpg?1646816095', 5, '-1 konsumsi', 'Valid', '2022-03-09 15:54:55'),
('HMPTI164533402763333', 'fera3w@gmail.com', 'Fera Tri Wulandari', 1645334027, '[]', '', 'pembayaran-3494486688-1645334027.jpg?1646926703', 0, '', 'Unset', '2022-03-10 22:38:23'),
('HMPTI164533402763335', '202030219@mhs.udb.ac.id', 'Ilham Adjie Nugroho', 1645334027, '[]', 'kehadiran-HMPTI164533402763335-1645334027.jpg?1647', 'pembayaran-1860197108-1645334027.jpg?1646970663', 5, 'Webinar kali ini sangat bagus, saya lebih semangat lagi untuk mempelajari cyber security.', 'Valid', '2022-03-11 10:51:03'),
('HMPTI164533402763342', 'ibamaycahyaaljanah@gmail.com', 'Iba May Cahya Aljanah', 1645334027, '[]', 'kehadiran-HMPTI164533402763342-1645334027.jpg?1647', 'pembayaran-1068868064-1645334027.jpg?1646999690', 5, 'mengadakan webinar lagi, dan materinya lebih menarik lagi', 'Valid', '2022-03-11 18:54:50'),
('HMPTI164533402764259', 'yulidar_maulana@fikom.udb.ac.id', 'YULIDAR MAULANA IVAN SAPUTRA', 1645334027, '[]', 'kehadiran-HMPTI164533402764259-1645334027.jpg?1647', 'pembayaran-2982322086-1645334027.jpg?1646104756', 5, 'Keseluruhan acara sudah bagus, mungkin kedepannya untuk dapat interaktif lagi antara panitia, pembicaraan dan peserta', 'Valid', '2022-03-01 10:19:16'),
('HMPTI164533402766271', '202020568@mhs.udb.ac.id', 'ENI DWI RETNOSARI', 1645334027, '[]', 'kehadiran-HMPTI164533402766271-1645334027.jpg?1647', 'pembayaran-3796258138-1645334027.jpg?1646228011', 5, 'Bisa diadakan event serupa lagi', 'Valid', '2022-03-02 20:33:31'),
('HMPTI164533402768281', 'rizkikusumaw08@gmail.com', 'Rizki Hendra WARDHANA', 1645334027, '[]', '', 'pembayaran-242395623-1645334027.jpg?1646360405', 0, '', 'Unset', '2022-03-04 09:20:05'),
('HMPTI164533402768282', 'renaldi.kristian@ti.ukdw.ac.id', 'Renaldi Kristian Hartono', 1645334027, '[]', '', 'pembayaran-2473985325-1645334027.jpg?1646364899', 0, '', 'Unset', '2022-03-04 10:34:59'),
('HMPTI164533402770289', '202020345@mhs.udb.ac.id', 'Iqbal Hanan Junaidi', 1645334027, '[]', 'kehadiran-HMPTI164533402770289-1645334027.jpg?1647', 'pembayaran-4244256125-1645334027.jpg?1646490758', 5, 'bagus', 'Valid', '2022-03-05 21:32:38'),
('HMPTI164533402772299', '202020291@mhs.udb.ac.id', 'SINDHU PURNOMO AJI', 1645334027, '[]', 'kehadiran-HMPTI164533402772299-1645334027.jpg?1647', 'pembayaran-1571199907-1645334027.jpg?1646568491', 5, '.', 'Valid', '2022-03-06 19:08:11'),
('HMPTI164533402772312', '202021085@mhs.udb.ac.id', 'Romy Rajawali Nusantara Syaifullah', 1645334027, '[]', 'kehadiran-HMPTI164533402772312-1645334027.jpg?1647', 'pembayaran-4280007825-1645334027.jpg?1646746679', 4, '-', 'Valid', '2022-03-08 20:37:59'),
('HMPTI164533402775301', '190103210@fikom.udb.ac.id', 'DANUR WAHYU PURNOMO', 1645334027, '[]', 'kehadiran-HMPTI164533402775301-1645334027.jpg?1647', 'pembayaran-3344225884-1645334027.jpg?1646611757', 5, '', 'Valid', '2022-03-07 07:09:17'),
('HMPTI164533402777267', '190103182@fikom.udb.ac.id', 'BAGAS ILHAM FIRMANSYAH', 1645334027, '[]', 'kehadiran-HMPTI164533402777267-1645334027.jpg?1647', 'pembayaran-2764870029-1645334027.jpg?1646196863', 5, 'Semoga ada seminar lagi dan lebih baik lagi', 'Valid', '2022-03-02 11:54:23'),
('HMPTI164533402777319', '202030250@mhs.udb.ac.id', 'Robby Gusti Nugroho ', 1645334027, '[]', 'kehadiran-HMPTI164533402777319-1645334027.jpg?1647', 'pembayaran-780519738-1645334027.jpg?1646813505', 5, 'Cukup', 'Valid', '2022-03-09 15:11:45'),
('HMPTI164533402778315', '202030325@mhs.udb.ac.id', 'Dimas Cahyo Utomo', 1645334027, '[]', 'kehadiran-HMPTI164533402778315-1645334027.jpg?1647', 'pembayaran-3061100558-1645334027.jpg?1646787018', 3, 'sudah baik', 'Valid', '2022-03-09 07:50:18'),
('HMPTI164533402779303', 'pipin_yulanda@fikom.udb.ac.id', 'PIPIN YULANDA', 1645334027, '[]', 'kehadiran-HMPTI164533402779303-1645334027.jpg?1647', 'pembayaran-3849081826-1645334027.jpg?1646620309', 5, 'Mantap !!!', 'Valid', '2022-03-07 09:31:49'),
('HMPTI164533402780287', '190101184@fikom.udb.ac.id', 'ADE WAHYUNI ABISLONG', 1645334027, '[]', 'kehadiran-HMPTI164533402780287-1645334027.jpg?1647', 'pembayaran-3155748048-1645334027.jpg?1646465491', 4, 'Sejauh ini sudah bagus', 'Valid', '2022-03-05 14:31:31'),
('HMPTI164533402780302', 'bagas_kurniawan@fikom.udb.ac.id', 'BAGAS KURNIAWAN', 1645334027, '[]', 'kehadiran-HMPTI164533402780302-1645334027.jpg?1647', 'pembayaran-193386345-1645334027.jpg?1646615587', 5, 'Baik', 'Valid', '2022-03-07 08:13:07'),
('HMPTI164533402780331', 'nugrohor370@gmail.com', 'Rizki Adi Nugroho', 1645334027, '[]', 'kehadiran-HMPTI164533402780331-1645334027.jpg?1647', 'pembayaran-3493753201-1645334027.jpg?1646912144', 5, 'menurut saya sudah bagus ????', 'Valid', '2022-03-10 18:35:44'),
('HMPTI164533402781341', 'ferychomariyah26@gmail.com', 'Sefi Ayuk Wijayanti', 1645334027, '[]', 'kehadiran-HMPTI164533402781341-1645334027.jpg?1647', 'pembayaran-2185765302-1645334027.jpg?1646998649', 4, 'Terimakasih  atas ilmu yang telah di berikan', 'Valid', '2022-03-11 18:37:29'),
('HMPTI164533402782260', 'teguhhadiwibowo282@gmail.com', 'Teguh Hadi Wibowo', 1645334027, '[]', 'kehadiran-HMPTI164533402782260-1645334027.jpg?1647', 'pembayaran-4053595950-1645334027.jpg?1646146763', 5, 'Sudah baik', 'Valid', '2022-03-01 21:59:23'),
('HMPTI164533402782316', '202010011@mhs.udb.ac.id', 'Awaludin Nurchoir', 1645334027, '[]', 'kehadiran-HMPTI164533402782316-1645334027.jpg?1647', 'pembayaran-732303199-1645334027.jpg?1646801570', 5, 'Sudah bagus.', 'Valid', '2022-03-09 11:52:50'),
('HMPTI164533402783254', 'lietlaw10@gmail.com', 'Idham Rendika', 1645334027, '[]', 'kehadiran-HMPTI164533402783254-1645334027.jpg?1647', 'pembayaran-467618338-1645334027.jpg?1646019204', 5, 'Materi yang dibawakan sudah bagus', 'Valid', '2022-02-28 10:33:24'),
('HMPTI164533402783272', '210102021@mhs.udb.ac.id', 'JOKO LELONO', 1645334027, '[]', '', 'pembayaran-2567100017-1645334027.jpg?1646254471', 0, '', 'Unset', '2022-03-03 03:54:31'),
('HMPTI164533402783393', 'muhamad_buyung@fikom.udb.ac.id', 'MUHAMAD BUYUNG NUR IKHSAN', 1645334027, '[]', '', 'pembayaran-1992456859-1645334027.jpg?1659347910', 0, '', 'Valid', '2022-08-01 16:58:30'),
('HMPTI164533402785294', '202040252@mhs.udb.ac.id', 'MUHAMAD RIDWAN', 1645334027, '[]', '', 'pembayaran-3272959417-1645334027.jpg?1646561122', 5, 'Mamat sogok usuk\r\nMasuk', 'Valid', '2022-03-06 17:05:22'),
('HMPTI164533402789255', 'aldygustavdarmaliwoso1@gmail.com', 'ALDY GUSTAV DARMA LIWOSO', 1645334027, '[]', '', 'pembayaran-236758370-1645334027.jpg?1646023462', 0, '', 'Unset', '2022-02-28 11:44:22'),
('HMPTI164533402789283', 'havilda_adhiaksha@fikom.udb.ac.id', 'HAVILDA ADHIAKSHA', 1645334027, '[]', 'kehadiran-HMPTI164533402789283-1645334027.jpg?1647', 'pembayaran-3093353507-1645334027.jpg?1646366417', 5, 'Baik', 'Valid', '2022-03-04 11:00:17'),
('HMPTI164533402789293', 'alif_kurniansyah@fikom.udb.ac.id', 'ALIF KURNIANSYAH', 1645334027, '[]', 'kehadiran-HMPTI164533402789293-1645334027.jpg?1647', 'pembayaran-437650638-1645334027.jpg?1646543724', 5, '-', 'Valid', '2022-03-06 12:15:24'),
('HMPTI164533402789297', '202030064@mhs.udb.ac.id', 'GABRIEL YAFET ARDANA', 1645334027, '[]', 'kehadiran-HMPTI164533402789297-1645334027.jpg?1647', 'pembayaran-2433137633-1645334027.jpg?1646566591', 5, '1. Sudah bagus dan menarik dalam memilih tema webinar nya \r\n2. Supaya sering² mengadakan acara seperti ini yang bisa menambah pengetahuan dalam bidang IT :)', 'Valid', '2022-03-06 18:36:31'),
('HMPTI164533402790261', 'bahrul_aziz@fikom.udb.ac.id', 'BAHRUL AZIZ RIFAI', 1645334027, '[]', 'kehadiran-HMPTI164533402790261-1645334027.jpg?1647', 'pembayaran-2996902538-1645334027.jpg?1646188350', 5, 'Mntp', 'Valid', '2022-03-02 09:32:30'),
('HMPTI164533402791274', 'garrychrstn@gmail.com', 'Garry Christian Whardaya', 1645334027, '[]', 'kehadiran-HMPTI164533402791274-1645334027.jpg?1647', 'pembayaran-2190273773-1645334027.jpg?1646289247', 4, 'Terima kasih ilmunya', 'Valid', '2022-03-03 13:34:07'),
('HMPTI164533402791325', 'riski_pratama@fikom.udb.ac.id', 'RISKI PRATAMA', 1645334027, '[]', 'kehadiran-HMPTI164533402791325-1645334027.jpg?1647', 'pembayaran-2970802015-1645334027.jpg?1646874427', 5, 'Kereen materinya, tp suara narasumber agak kurang jelas', 'Valid', '2022-03-10 08:07:07'),
('HMPTI164533402793314', '210103044@mhs.udb.ac.id', 'MUHAMMAD YASIN FATHKHURRAHMAN', 1645334027, '[]', 'kehadiran-HMPTI164533402793314-1645334027.jpg?1647', 'pembayaran-3065649759-1645334027.jpg?1646750439', 5, 'Sudah baik acaranya', 'Unset', '2022-03-08 21:40:39'),
('HMPTI164533402794265', '202020818@mhs.udb.ac.id', 'Yanuar Anggit Setyawan', 1645334027, '[]', 'kehadiran-HMPTI164533402794265-1645334027.jpg?1647', 'pembayaran-1774597082-1645334027.jpg?1646191483', 5, 'Semoga kedepannya lebih baik dari sebelumnya', 'Valid', '2022-03-02 10:24:43'),
('HMPTI164533402794327', '210103152@mhs.udb.ac.id', 'RENA DESTIYANA SEGARANI', 1645334027, '[]', 'kehadiran-HMPTI164533402794327-1645334027.jpg?1647', 'pembayaran-3233189854-1645334027.jpg?1646891385', 5, 'Sudah cukup bagus ka, semoga kedepannya bisa lebih baik lagi', 'Valid', '2022-03-10 12:49:45'),
('HMPTI164533402796298', 'decandra_gufron@fikom.udb.ac.id', 'DECANDRA GUFRON RAHARJO', 1645334027, '[]', 'kehadiran-HMPTI164533402796298-1645334027.jpg?1647', 'pembayaran-542847326-1645334027.jpg?1646567006', 5, 'semoga lebih baik kedepannya , dan ada webinar lagi', 'Valid', '2022-03-06 18:43:26'),
('HMPTI164533402797279', 'matin_muhith@fikom.udb.ac.id', 'MATIN MUHITH', 1645334027, '[]', '', 'pembayaran-934609429-1645334027.jpg?1646343587', 0, '', 'Unset', '2022-03-04 04:39:47'),
('HMPTI164533402797307', '202020121@mhs.udb.ac.id', 'BAGUS ADI NUGROHO', 1645334027, '[]', 'kehadiran-HMPTI164533402797307-1645334027.jpg?1647', 'pembayaran-4090823467-1645334027.jpg?1646716803', 5, 'Thanks', 'Valid', '2022-03-08 12:20:03'),
('HMPTI164773890515346', '202030247@mhs.udb.ac.id', 'JOFAN FATHURAHMAN 2020', 1647738905, '{\"Email\":\"Kepo@gmail.com\",\"NoWhatsApp\":\"08578555987\"}', '', NULL, 5, 'Good', 'Unset', '2022-03-23 17:33:23'),
('HMPTI164773890515355', 'ditaputra1296@gmail.com', 'Dita Putra Pratama', 1647738905, '{\"Email\":\"ditaputra1296@gmail.com\",\"NoWhatsApp\":\"085156185849\"}', '', NULL, 0, '', 'Unset', '2022-03-23 20:16:53'),
('HMPTI164773890516347', '202030066@mhs.udb.ac.id', 'ALDIN FATHIRAY', 1647738905, '{\"Email\":\"202030066@mhs.udb.ac.id\",\"NoWhatsApp\":\"085715108723\"}', '', NULL, 0, '', 'Unset', '2022-03-23 18:01:49'),
('HMPTI164773890518349', 'andreasabipermana@gmail.com', 'Andreas Abi Permana', 1647738905, '{\"Email\":\"andreasabipermana@gmail.com\",\"NoWhatsApp\":\"081555868161\"}', 'kehadiran-HMPTI164773890518349-1647738905.jpg?1648', NULL, 5, 'Saran aja sih, kalo bisa acara sibarmati jangan pas malam minggu, bisa diganti hari jumat. Kalo mau lebih menarik bisa sekali kali dibuat offline jadi kaya mini workshop gitu.\r\n\r\nNb : Maaf foto absensi aku isi random, lupa screenshoot pas acara :v\r\n\r\nSukses selalu HMPTI', 'Unset', '2022-03-23 18:06:05'),
('HMPTI164773890519365', 'ivanpriyambada@gmail.com', 'muhammad ivan p', 1647738905, '{\"Email\":\"ivanpriyambada@gmail.com\",\"NoWhatsApp\":\"089680678570\"}', '', NULL, 0, '', 'Unset', '2022-03-25 22:20:25'),
('HMPTI164773890521356', 'nurazizahwidiyaningrum@gmail.com', 'Nurazizah Widiyaningrum', 1647738905, '{\"Email\":\"nurazizahwidiyaningrum@gmail.com\",\"NoWhatsApp\":\"081226128963\"}', '', NULL, 0, '', 'Unset', '2022-03-23 20:48:50'),
('HMPTI164773890528351', '202021110@mhs.udb.ac.id', 'Atik Sulami', 1647738905, '{\"Email\":\"atiksulami12@gmail.com\",\"NoWhatsApp\":\"085228026302\"}', 'kehadiran-HMPTI164773890528351-1647738905.jpg?1648', NULL, 5, 'materi nya sanggat menarik semoga bermanfaat. ditunggu sibarmati selanjutnya. terimakasih', 'Unset', '2022-03-23 18:48:16'),
('HMPTI164773890529352', '202020528@mhs.udb.ac.id', 'MUHAMMAD DAIVANY ', 1647738905, '{\"Email\":\"Muhammaddaivany@gmail.com\",\"NoWhatsApp\":\"085865642715\"}', '', NULL, 0, '', 'Unset', '2022-03-23 18:48:47'),
('HMPTI164773890530350', '202030292@mhs.udb.ac.id', 'Yusuf Bahtiar', 1647738905, '{\"Email\":\"202030292@mhs.udb.ac.id\",\"NoWhatsApp\":\"087812609444\"}', '', NULL, 0, '', 'Unset', '2022-03-23 18:27:48'),
('HMPTI164773890532363', 'widibaka55@gmail.com', 'Widi Dwi Nurcahyo', 1647738905, '{\"Email\":\"widibaka55@gmail.com\",\"NoWhatsApp\":\"081226203761\"}', '', NULL, 0, '', 'Unset', '2022-03-25 19:52:08'),
('HMPTI164773890549353', 'yulidar_maulana@fikom.udb.ac.id', 'YULIDAR MAULANA IVAN SAPUTRA', 1647738905, '{\"Email\":\"maulanayulidar@gmail.com\",\"NoWhatsApp\":\"0895610817331\"}', '', NULL, 0, '', 'Unset', '2022-03-23 18:54:20'),
('HMPTI164773890561354', 'alvian.bagus2@gmail.com', 'Alvian', 1647738905, '{\"Email\":\"alvian.bagus2@gmail.com\",\"NoWhatsApp\":\"082223741619\"}', '', NULL, 0, '', 'Unset', '2022-03-23 18:58:41'),
('HMPTI164773890563366', 'lilohergita22@gmail.com', 'Lilo Hergita', 1647738905, '{\"Email\":\"lilohergita22@gmail.com\",\"NoWhatsApp\":\"089525705749\"}', '', NULL, 0, '', 'Unset', '2022-03-26 01:21:20'),
('HMPTI164773890566362', '202020161@mhs.udb.ac.id', 'JOKO SUSANTO', 1647738905, '{\"Email\":\"202020161@mhs.udb.ac.id\",\"NoWhatsApp\":\"085649928040\"}', '', NULL, 5, 'Acaranya menarik dan menambah ilmu kalau boleh source codenya bisa di share untuk dicoba dirumah(•‿•)', 'Unset', '2022-03-25 10:30:46'),
('HMPTI164773890573357', '202030119@mhs.udb.ac.id', 'CAHYA DWI SETIYAWAN', 1647738905, '{\"Email\":\"202030119@mhs.udb.ac.id\",\"NoWhatsApp\":\"082235026236\"}', '', NULL, 0, '', 'Unset', '2022-03-23 20:49:51'),
('HMPTI164773890576360', '202020816@mhs.udb.ac.id', 'AKBAR SYARIF PRATAMA PUTRA', 1647738905, '{\"Email\":\"syarifpp12345@gmail.com\",\"NoWhatsApp\":\"089504865325\"}', '', NULL, 0, '', 'Unset', '2022-03-24 15:23:28'),
('HMPTI164773890578359', '202020685@mhs.udb.ac.id', 'Fitroh Ahmad Abdul Aziz', 1647738905, '{\"Email\":\"202020685@mhs.udb.ac.id\",\"NoWhatsApp\":\"081228852730\"}', '', NULL, 0, '', 'Unset', '2022-03-24 15:00:45'),
('HMPTI164773890578361', '190103053@fikom.udb.ac.id', 'RAMADITYA PRADANA', 1647738905, '{\"Email\":\"190103053@fikom.udb.ac.id\",\"NoWhatsApp\":\"08156924016\"}', 'kehadiran-HMPTI164773890578361-1647738905.jpg?1648', NULL, 5, 'Sudah bagus. Mungkin perlu di tingkatkan kualitas kamera moderatornya', 'Unset', '2022-03-24 21:07:54'),
('HMPTI164773890580364', 'nurarifahraharisti20102@gmail.com', 'Nur Arifah Raharisti', 1647738905, '{\"Email\":\"202030354@mhs.udb.ac.id\",\"NoWhatsApp\":\"085877615609\"}', '', NULL, 0, '', 'Unset', '2022-03-25 20:16:20'),
('HMPTI164773890588368', 'anggitwahyu23@gmail.com', 'anggit ', 1647738905, '{\"Email\":\"anggitwahyu23@gmail.com\",\"NoWhatsApp\":\"089682381257\"}', '', NULL, 0, '', 'Unset', '2022-03-26 17:03:49'),
('HMPTI164773890589348', '202030304@mhs.udb.ac.id', 'Wihan Perkasa Nugraha Putra', 1647738905, '{\"Email\":\"202030304@mhs.udb.ac.id\",\"NoWhatsApp\":\"081229854638\"}', '', NULL, 0, '', 'Unset', '2022-03-23 18:02:00'),
('HMPTI164773890590367', 'bernardinohamdani@gmail.com', 'Bernardino Mudji Hamdani', 1647738905, '{\"Email\":\"bernardinohamdani@gmail.com\",\"NoWhatsApp\":\"085772581257\"}', '', NULL, 0, '', 'Unset', '2022-03-26 16:11:49'),
('HMPTI164773890598358', '202030299@mhs.udb.ac.id', 'Muhammad Nur Ikhsanuddin', 1647738905, '{\"Email\":\"202030299@mhs.udb.ac.id\",\"NoWhatsApp\":\"085156815391\"}', '', NULL, 0, '', 'Unset', '2022-03-24 06:08:25'),
('HMPTI1658416276100369', 'fauzan20cn@gmail.com', 'Fauzan Cahyo Nugroho', 1658416276, '{\"Email\":\"fauzan20cn@gmail.com\",\"No_Whatsapp\":\"081386138480\"}', '', NULL, 0, '', 'Unset', '2022-07-26 15:37:37'),
('HMPTI165841627616388', 'irvanagus2000@gmail.com', 'Irfan Agus Prastowo', 1658416276, '{\"Email\":\"irvanagus2000@gmail.com\",\"No_Whatsapp\":\"085742054070\"}', '', NULL, 0, '', 'Unset', '2022-07-28 11:36:12'),
('HMPTI165841627632380', 'yulidar_maulana@fikom.udb.ac.id', 'YULIDAR MAULANA IVAN SAPUTRA', 1658416276, '{\"Email\":\"yulidar_maulana@fikom.udb.ac.id\",\"No_Whatsapp\":\"0895610817331\"}', '', NULL, 0, '', 'Unset', '2022-07-26 18:52:32'),
('HMPTI165841627638375', '202030191@mhs.udb.ac.id', 'RICO YOGA PRADANA', 1658416276, '{\"Email\":\"202030191@mhs.udb.ac.id\",\"No_Whatsapp\":\"6288806705700\"}', '', NULL, 0, '', 'Unset', '2022-07-26 17:38:25'),
('HMPTI165841627640377', '190101169@fikom.udb.ac.id', 'HELMI ADI PRASETYO', 1658416276, '{\"Email\":\"190101169@fikom.udb.ac.id\",\"No_Whatsapp\":\"082243929588\"}', '', NULL, 0, '', 'Unset', '2022-07-26 17:53:12'),
('HMPTI165841627642385', '202020929@mhs.udb.ac.id', 'Dwi Kurniawan Saputro', 1658416276, '{\"Email\":\"202020929@mhe.udb.ac.id\",\"No_Whatsapp\":\"087708314497\"}', '', NULL, 0, '', 'Unset', '2022-07-27 13:32:46'),
('HMPTI165841627649384', '202021003@mhs.udb.ac.id', 'Mochammad Naufal Bagaskara', 1658416276, '{\"Email\":\"mnaufal2015@gmail.com\",\"No_Whatsapp\":\"085702331176\"}', '', NULL, 0, '', 'Unset', '2022-07-27 11:30:11'),
('HMPTI165841627654371', 'rahmadnkholiz30@gmail.com', 'Rahmad Nur Kholis', 1658416276, '{\"Email\":\"rahmadnkholiz30@gmail.com\",\"No_Whatsapp\":\"081234575853\"}', '', NULL, 0, '', 'Unset', '2022-07-26 16:11:36'),
('HMPTI165841627663373', 'aldiwa777@gmail.com', 'Aldi Wahyudi Arta', 1658416276, '{\"Email\":\"aldiwa777@gmail.com\",\"No_Whatsapp\":\"085700040102\"}', '', NULL, 0, '', 'Unset', '2022-07-26 16:29:19'),
('HMPTI165841627664386', '202020161@mhs.udb.ac.id', 'JOKO SUSANTO', 1658416276, '{\"Email\":\"susantojoko809@gmail.com\",\"No_Whatsapp\":\"085649928040\"}', '', NULL, 0, '', 'Unset', '2022-07-27 19:58:51'),
('HMPTI165841627665370', 'ditaputra1296@gmail.com', 'Dita Putra Pratama', 1658416276, '{\"Email\":\"ditaputra1296@gmail.com\",\"No_Whatsapp\":\"085156185849\"}', '', NULL, 0, '', 'Unset', '2022-07-26 15:41:14'),
('HMPTI165841627669379', 'cahyads123@gmail.com', 'Cahya Dwi Setiawan', 1658416276, '{\"Email\":\"cahyads123@gmail.com\",\"No_Whatsapp\":\"082235026236\"}', '', NULL, 0, '', 'Unset', '2022-07-26 18:22:16'),
('HMPTI165841627671374', 'andreas_abi@fikom.udb.ac.id', 'ANDREAS ABI PERMANA', 1658416276, '{\"Email\":\"andreas_abi@fikom.udb.ac.id\",\"No_Whatsapp\":\"081555868161\"}', '', NULL, 0, '', 'Unset', '2022-07-26 17:01:53'),
('HMPTI165841627678389', '202030304@mhs.udb.ac.id', 'Wihan Perkasa Nugraha Putra', 1658416276, '{\"Email\":\"202030304@mhs.udb.ac.id\",\"No_Whatsapp\":\"081229854638\"}', '', NULL, 0, '', 'Unset', '2022-07-28 19:33:44'),
('HMPTI165841627683376', 'muhamadhanafi1102@gmail.com', 'Muhamad Hanafi', 1658416276, '{\"Email\":\"Muhamadhanafi1102@gmail.com\",\"No_Whatsapp\":\"085213508131\"}', '', NULL, 0, '', 'Unset', '2022-07-26 17:46:48'),
('HMPTI165841627683378', 'matin_muhith@fikom.udb.ac.id', 'MATIN MUHITH', 1658416276, '{\"Email\":\"matin_muhith@fikom.udb.ac.id\",\"No_Whatsapp\":\"082199667404\"}', '', NULL, 0, '', 'Unset', '2022-07-26 18:02:23'),
('HMPTI165841627686391', 'alvian.bagus2@gmail.com', 'Alvian', 1658416276, '{\"Email\":\"alvian.bagus2@gmail.com\",\"No_Whatsapp\":\"082223741619\"}', '', NULL, 0, '', 'Unset', '2022-07-29 17:07:57'),
('HMPTI165841627688383', '190103137@fikom.udb.ac.id', 'MOHAMAD AKBAR', 1658416276, '{\"Email\":\"190103137@fikom.udb.ac.id\",\"No_Whatsapp\":\"089666717202\"}', '', NULL, 0, '', 'Unset', '2022-07-27 10:57:04'),
('HMPTI165841627689390', 'agamur567@gmail.com', 'Aga Murwando', 1658416276, '{\"Email\":\"agamur567@gmail.com\",\"No_Whatsapp\":\"0895363812013\"}', '', NULL, 0, '', 'Unset', '2022-07-29 15:49:13'),
('HMPTI165841627691372', '190103117@fikom.udb.ac.id', 'RISMA ADISTY NILASARI', 1658416276, '{\"Email\":\"190103117@fikom.udb.ac.id\",\"No_Whatsapp\":\"085641966948\"}', '', NULL, 0, '', 'Unset', '2022-07-26 16:19:02'),
('HMPTI165841627692382', '190103097@fikom.udb.ac.id', 'DIMAS AGIH RAMADHAN', 1658416276, '{\"Email\":\"agih.dimas@gmail.com\",\"No_Whatsapp\":\"082137557819\"}', '', NULL, 0, '', 'Unset', '2022-07-27 09:25:58'),
('HMPTI165841627693381', '190103090@fikom.udb.ac.id', 'ZUSRIL ADIL PANGESTU', 1658416276, '{\"Email\":\"Muhamadzusrilpangestu@gmail.com\",\"No_Whatsapp\":\"085600092125\"}', '', NULL, 0, '', 'Unset', '2022-07-26 23:32:41'),
('HMPTI165841627699387', '202030205@mhs.udb.ac.id', 'Noelino Grevansha Arsandy', 1658416276, '{\"Email\":\"noelgrevansha@gmail.com\",\"No_Whatsapp\":\"082142402504\"}', '', NULL, 0, '', 'Unset', '2022-07-27 20:50:55'),
('HMPTI166096649927401', 'anggitwahyu23@gmail.com', 'anggit ', 1660966499, '{\"Email\":\"anggitwahyu23@gmail.com\",\"No_Whatsapp\":\"089682381257\"}', '', NULL, 0, '', 'Unset', '2022-08-25 08:50:46'),
('HMPTI166096649928400', 'andreas_abi@fikom.udb.ac.id', 'ANDREAS ABI PERMANA', 1660966499, '{\"Email\":\"andreas_abi@fikom.udb.ac.id\",\"No_Whatsapp\":\"081555868161\"}', '', NULL, 0, '', 'Unset', '2022-08-25 08:39:48');
INSERT INTO `h_pendaftar` (`id_pendaftar`, `email`, `nama`, `id_event`, `data_tambahan`, `kehadiran`, `pembayaran`, `bintang`, `saran`, `status`, `waktu`) VALUES
('HMPTI166096649933402', 'febri_sutrisno@fikom.udb.ac.id', 'FEBRI SUTRISNO', 1660966499, '{\"Email\":\"febri_sutrisno@fikom.udb.ac.id\",\"No_Whatsapp\":\"089679112062\"}', '', NULL, 0, '', 'Unset', '2022-08-25 08:58:42'),
('HMPTI166096649945397', '202030010@mhs.udb.ac.id', 'JULYAN DANU CAHYA', 1660966499, '{\"Email\":\"202030010@mhs.udb.ac.id\",\"No_Whatsapp\":\"085647172825\"}', '', NULL, 0, '', 'Unset', '2022-08-24 19:56:06'),
('HMPTI166096649951396', '202020602@mhs.udb.ac.id', 'NURBAGUS SAPUTRO', 1660966499, '{\"Email\":\"202020602@mhs.udb.ac.id\",\"No_Whatsapp\":\"085876114144\"}', '', NULL, 0, '', 'Unset', '2022-08-24 18:34:29'),
('HMPTI166096649951406', 'cindyusty@gmail.com', 'Cindy listy pramadani ', 1660966499, '{\"Email\":\"Cindy\",\"No_Whatsapp\":\"083836600148\"}', '', NULL, 0, '', 'Unset', '2022-08-25 16:17:34'),
('HMPTI166096649958408', '202020161@mhs.udb.ac.id', 'JOKO SUSANTO', 1660966499, '{\"Email\":\"susantojoko809@gmail.com\",\"No_Whatsapp\":\"085649928040\"}', '', NULL, 0, '', 'Unset', '2022-08-28 20:04:09'),
('HMPTI166096649958409', '202030191@mhs.udb.ac.id', 'RICO YOGA PRADANA', 1660966499, '{\"Email\":\"202030191@mhs.udb.ac.id\",\"No_Whatsapp\":\"6288806705700\"}', '', NULL, 0, '', 'Unset', '2022-08-29 00:01:14'),
('HMPTI166096649963398', '202030292@mhs.udb.ac.id', 'Yusuf Bahtiar', 1660966499, '{\"Email\":\"202030292@mhs.udb.ac.id\",\"No_Whatsapp\":\"087812609444\"}', '', NULL, 0, '', 'Unset', '2022-08-24 20:54:26'),
('HMPTI166096649971404', 'sahid_malik@fikom.udb.ac.id', 'SAHID MALIK IBRAHIM', 1660966499, '{\"Email\":\"sahid_malik@fikom.udb.ac.id\",\"No_Whatsapp\":\"089630883358\"}', '', NULL, 0, '', 'Unset', '2022-08-25 10:52:22'),
('HMPTI166096649976411', '202030299@mhs.udb.ac.id', 'Muhammad Nur Ikhsanuddin', 1660966499, '{\"Email\":\"202030299@mhs.udb.ac.id\",\"No_Whatsapp\":\"085156815391\"}', '', NULL, 0, '', 'Unset', '2022-08-31 12:30:23'),
('HMPTI166096649978403', '190103019@fikom.udb.ac.id', 'NANANG SETIAWAN', 1660966499, '{\"Email\":\"190103019@fikom.udb.ac.id\",\"No_Whatsapp\":\"085877707558\"}', '', NULL, 0, '', 'Unset', '2022-08-25 09:31:51'),
('HMPTI166096649981410', 'war.bolg999@gmail.com', 'Minat Japri', 1660966499, '{\"Email\":\"war.bolg999@gmail.com\",\"No_Whatsapp\":\"082135603757\"}', '', NULL, 0, '', 'Unset', '2022-08-30 11:03:22'),
('HMPTI166096649992405', '210103015@mhs.udb.ac.id', 'FAUZAN CAHYO NUGROHO', 1660966499, '{\"Email\":\"210103015@mhs.udb.ac.id\",\"No_Whatsapp\":\"081386138480\"}', '', NULL, 0, '', 'Unset', '2022-08-25 15:12:48'),
('HMPTI166096649998399', 'andiazizp123@gmail.com', 'Fandi Aziz P', 1660966499, '{\"Email\":\"andiazizp123@gmail.com\",\"No_Whatsapp\":\"0895392518509\"}', '', NULL, 0, '', 'Unset', '2022-08-25 06:40:42'),
('HMPTI166096649999407', 'anjascraftyt@gmail.com', 'Anjas Krestanto', 1660966499, '{\"Email\":\"anjaskrestanto@gmail.com\",\"No_Whatsapp\":\"087748007548\"}', '', NULL, 0, '', 'Unset', '2022-08-25 16:53:14'),
('HMPTI166288093423414', 'widi_dwi@fikom.udb.ac.id', 'WIDI DWI NURCAHYO', 1662880934, '{\"Nama\":\"WIDI DWI NURCAHYO\",\"Asal_instansi\":\"Duta Bangsa\",\"Ukuran\":\"m\",\"Isi_alamat_lengkap_jika_diluar_Kota_Solo\\/isi_\":\"COD aja, ambil ke kampus\"}', '', 'pembayaran-219413110-1662880934.jpg?1662895433', 0, '', 'Valid', '2022-09-11 18:23:53'),
('HMPTI166288093434416', '202030299@mhs.udb.ac.id', 'Muhammad Nur Ikhsanuddin', 1662880934, '{\"Nama\":\"Sandin\",\"Asal_instansi\":\"Hmpti\",\"Ukuran\":\"XL\",\"Isi_alamat_lengkap_jika_diluar_Kota_Solo\\/isi\":\"Ngruki\"}', '', 'pembayaran-4269851157-1662880934.jpg?1663949460', 0, '', 'Unset', '2022-09-23 23:11:00'),
('HMPTI166288093478415', '210103085@mhs.udb.ac.id', 'AHMAD DIA ULHAQ', 1662880934, '{\"Nama\":\"Ahmad Dia Ulhaq\",\"Asal_instansi\":\"Universitas Duta Bangsa Surakarta\",\"Ukuran\":\"L\",\"Isi_alamat_lengkap_jika_diluar_Kota_Solo\\/isi_\":\"COD\"}', '', 'pembayaran-1414708500-1662880934.jpg?1663747976', 0, '', 'Unset', '2022-09-21 15:12:56'),
('HMPTI166288093479413', 'rieosuryo@gmail.com', 'Rio Suryo', 1662880934, '{\"Nama\":\"Rio \",\"Asal_instansi\":\"Udb\",\"Ukuran\":\"L\",\"Alamat_(isi_bila_diluar_kota_solo)\":\"COD\",\"0\":\"COD\"}', '', 'pembayaran-1485576201-1662880934.jpg?1662883574', 0, '', 'Unset', '2022-09-11 15:06:14'),
('HMPTI166288093493412', '190103060@fikom.udb.ac.id', 'Wahyu Wijaya', 1662880934, '{\"Nama\":\"Wahyu\",\"Asal_instansi\":\"Surakarta\",\"Ukuran\":\"L\",\"Alamat_(isi_bila_diluar_kota_solo)\":\"Surakarta\",\"0\":\"Surakarta\"}', '', 'pembayaran-1262396164-1662880934.jpg?1662881740', 0, '', 'Unset', '2022-09-11 14:35:40'),
('HMPTI166391336911459', '190101218@fikom.udb.ac.id', 'PUNKY SUKMA WIBOWO', 1663913369, '{\"Nama\":\"PUNKY\",\"Email\":\"190101218@fikom.udb.ac.id\",\"Nomor_WhatsApp\":\"085155031550\"}', '', NULL, 0, '', 'Unset', '2022-09-30 18:27:32'),
('HMPTI166391336913428', 'jauzafawaid831@gmail.com', 'JAUZA KENAR INDRA FAWAID', 1663913369, '{\"Nama\":\"Jauza\",\"Email\":\"jauzafawaid831@gmail.com\",\"Nomor_WhatsApp\":\"087733956352\"}', 'kehadiran-HMPTI166391336913428-1663913369.jpg?1664', NULL, 4, 'Materi nya tolong diperjelas lagi, karena saya sedikit bingung', 'Valid', '2022-09-27 15:59:13'),
('HMPTI166391336913450', 'audriyaffi123@gmail.com', 'Audri Yaffi Vibiagi', 1663913369, '{\"Nama\":\"Audri Yaffi Vibiagi\",\"Email\":\"audriyaffi123@gmail.com\",\"Nomor_WhatsApp\":\"082261015692\"}', '', NULL, 0, '', 'Unset', '2022-09-28 20:57:05'),
('HMPTI166391336917431', 'syafrillahastro@gmail.com', 'SYAFRILLAH Astro.H', 1663913369, '{\"Nama\":\"Syafrillah Astro \",\"Email\":\"syafrillahastro@gmail.com\",\"Nomor_WhatsApp\":\"082236837459\"}', 'kehadiran-HMPTI166391336917431-1663913369.jpg?1664', NULL, 5, 'Sangat baik', 'Valid', '2022-09-27 17:07:44'),
('HMPTI166391336917441', 'shelviazizah@gmail.com', 'Shelvi Azizah', 1663913369, '{\"Nama\":\"Shelvi Azizah\",\"Email\":\"shelviazizah@gmail.com\",\"Nomor_WhatsApp\":\"085865192215\"}', 'kehadiran-HMPTI166391336917441-1663913369.jpg?1664', NULL, 5, 'Kesannya : Acaranya seru, bisa nambah relasi, nambah ilmu pengetahuan, bisa ketemu temen temen yang lain juga, masih dapet snack lagi, sering sering diadain ya,.\r\nPesannya : Mungkin kedepannya untuk panitia yang tidak bertugas bisa duduk dan ikut menyimak materi sehingga ruangan menjadi lebih kondusif, jika terlalu banyak panitia saya rasa akan mengganggu pemateri dalam menyampaikan materi maupun peserta yang menerima materi', 'Valid', '2022-09-28 06:23:50'),
('HMPTI166391336920461', 'fajarbagus423@gmail.com', 'Fajar Bagus Saputra', 1663913369, '{\"Nama\":\"Fajar\",\"Email\":\"fajarbagus423@gmail.com\",\"Nomor_WhatsApp\":\"085845960476\"}', '', NULL, 0, '', 'Unset', '2022-09-30 20:19:41'),
('HMPTI166391336921424', 'habibskh06@gmail.com', 'Habib Risky Kurniawan', 1663913369, '{\"Nama\":\"Habib Risky Kurniawan\",\"Email\":\"habibskh06@gmail.com\",\"Nomor_WhatsApp\":\"085954420984\"}', 'kehadiran-HMPTI166391336921424-1663913369.jpg?1664', NULL, 5, 'Untuk persiapannya bisa lebih baik lagi agar saat menjelaskan materi tidak terburu buru, terimakasih.', 'Valid', '2022-09-27 15:34:43'),
('HMPTI166391336922434', 'cantikariski56@gmail.com', 'Cantika Risky Ramadhana Pawestri', 1663913369, '{\"Nama\":\"Cantika Risky\",\"Email\":\"cantikariski56@gmail.com\",\"Nomor_WhatsApp\":\"085732626179\"}', 'kehadiran-HMPTI166391336922434-1663913369.jpg?1664', NULL, 4, 'jangan terlalu cepat dalam menyampaikan materi kak', 'Valid', '2022-09-27 18:15:09'),
('HMPTI166391336926435', 'annisameyy08@gmail.com', 'ANNISA MEI GALUH AGENG', 1663913369, '{\"Nama\":\"ANNISA MEI GALUH AGENG\",\"Email\":\"annisameyy08@gmail.com\",\"Nomor_WhatsApp\":\"081393649384\"}', '', NULL, 0, '', 'Unset', '2022-09-27 18:30:52'),
('HMPTI166391336927430', 'hafidzat425@gmail.com', 'HAFIDZ ATSAL NURROHMAN', 1663913369, '{\"Nama\":\"hafidz\",\"Email\":\"hafidzat425@gmail.com\",\"Nomor_WhatsApp\":\"081390142249\"}', '', NULL, 0, '', 'Unset', '2022-09-27 17:00:20'),
('HMPTI166391336929439', 'rifqi_firdausi@fikom.udb.ac.id', 'RIFQI FIRDAUSI ARAFADH', 1663913369, '{\"Nama\":\"Rifqi\",\"Email\":\"rifqi_firdausi@fikom.udb.ac.id\",\"Nomor_WhatsApp\":\"082138596277\"}', '', NULL, 0, '', 'Unset', '2022-09-27 20:31:39'),
('HMPTI166391336931427', 'arwanyoga11@gmail.com', 'Awaludin Untung Arwanda', 1663913369, '{\"Nama\":\"Awaludin untung arwanda \",\"Email\":\"arwanyoga11@gmail.com\",\"Nomor_WhatsApp\":\"089518237108\"}', '', NULL, 0, '', 'Unset', '2022-09-27 15:52:18'),
('HMPTI166391336933426', 'fajarggwp13@gmail.com', 'Irfan Nur Sofiyanto', 1663913369, '{\"Nama\":\"Irfan\",\"Email\":\"fajarggwp13@gmail.com\",\"Nomor_WhatsApp\":\"085172000366\"}', 'kehadiran-HMPTI166391336933426-1663913369.jpg?1664', NULL, 5, 'Untuk kedepan nya persiapan nya di matangkan lagi, dan untuk penyampai jangan terburu buru agar bisa di paham ii step by stepp', 'Valid', '2022-09-27 15:42:22'),
('HMPTI166391336936462', 'diasihintan@gmail.com', 'Intan Diasih', 1663913369, '{\"Nama\":\"Intan \",\"Email\":\"diasihintan@gmail.com\",\"Nomor_WhatsApp\":\"089524415228\"}', '', NULL, 0, '', 'Unset', '2022-09-30 20:31:05'),
('HMPTI166391336938453', '202021110@mhs.udb.ac.id', 'Atik Sulami', 1663913369, '{\"Nama\":\"Atik\",\"Email\":\"atiksulami12@gmail.com\",\"Nomor_WhatsApp\":\"085228026302\"}', '', NULL, 0, '', 'Unset', '2022-09-29 09:14:56'),
('HMPTI166391336939420', 'sarahika5578@gmail.com', 'Sarah Ika Puspita Arum', 1663913369, '{\"Nama\":\"Sarah Ika\",\"Email\":\"sarahika5578@gmail.com\",\"Nomor_WhatsApp\":\"085786908580\"}', '', NULL, 0, '', 'Invalid', '2022-09-27 15:15:01'),
('HMPTI166391336940454', '190103003@fikom.udb.ac.id', 'BRIAN PURNAMA PUTRA', 1663913369, '{\"Nama\":\"Brian\",\"Email\":\"190103003@fikom.udb.ac.id\",\"Nomor_WhatsApp\":\"083844868429\"}', '', NULL, 0, '', 'Unset', '2022-09-29 20:42:06'),
('HMPTI166391336947449', 'dedy_maryadi@fikom.udb.ac.id', 'DEDY MARYADI', 1663913369, '{\"Nama\":\"Dedy Maryadi\",\"Email\":\"dedy_maryadi@fikom.udb.ac.id\",\"Nomor_WhatsApp\":\"081225252572\"}', '', NULL, 0, '', 'Unset', '2022-09-28 19:52:01'),
('HMPTI166391336947451', 'bagasf06@gmail.com', 'Bagas Fitriandra', 1663913369, '{\"Nama\":\"Bagas Fitriandra \",\"Email\":\"bagasf06@gmail.com\",\"Nomor_WhatsApp\":\"082143296291\"}', '', NULL, 0, '', 'Unset', '2022-09-28 22:10:44'),
('HMPTI166391336950444', 'fajar.smkn5skh@gmail.com', 'Fajar Riandani', 1663913369, '{\"Nama\":\"Fajar\",\"Email\":\"fajar.smkn5skh@gmail.com\",\"Nomor_WhatsApp\":\"085325913755\"}', '', NULL, 0, '', 'Unset', '2022-09-28 12:34:44'),
('HMPTI166391336952437', 'habibrifai13@gmail.com', 'Muhammad Habib rifai ', 1663913369, '{\"Nama\":\"Habib\",\"Email\":\"habibrifai13@gmail.com \",\"Nomor_WhatsApp\":\"081511276987\"}', '', NULL, 0, '', 'Unset', '2022-09-27 20:00:57'),
('HMPTI166391336956423', 'ramdhanihw420@gmail.com', 'Ramdhani Hadi Winarno', 1663913369, '{\"Nama\":\"Nacil\",\"Email\":\"ramdhanihw420@gmail.com\",\"Nomor_WhatsApp\":\"081225568420\"}', 'kehadiran-HMPTI166391336956423-1663913369.jpg?1664', NULL, 5, 'Lebih prepare agar saat pelaksanaan lebih tertata', 'Valid', '2022-09-27 15:33:58'),
('HMPTI166391336957455', 'kvnriot17@gmail.com', 'Kevin De Rafael Rio Aryanto', 1663913369, '{\"Nama\":\"Kevin\",\"Email\":\"Kvnriot17@gmail.com\",\"Nomor_WhatsApp\":\"082133794445\"}', '', NULL, 0, '', 'Unset', '2022-09-29 20:58:45'),
('HMPTI166391336957463', 'tobimaulana.tm@gmail.com', 'Tobi Fiambodo Syech Maulana', 1663913369, '{\"Nama\":\"Tobi Fiambodo Syech Maulana\",\"Email\":\"tobimaulana.tm@gmail.com\",\"Nomor_WhatsApp\":\"089630922413\"}', 'kehadiran-HMPTI166391336957463-1663913369.jpg?1664', NULL, 3, 'Dari segi waktu sih saya merasa sangat kurang ya. Apalagi tadi yg dijelaskan baru sampai login. Padahal masih banyak bagian2 yg belum dijelaskan seperti dashboard & crud nya. \r\n\r\nDari segi snack sih sebenarnya sudah standar, tapi akan lebih bagus jika snack nya pernah orang aja. Biar nggak canggung kalo ambil2 tiba2 udah mau habis hehe', 'Valid', '2022-10-01 07:14:07'),
('HMPTI166391336959422', 'andreasobrien123@gmail.com', 'Andreas Ganteng Ganteng', 1663913369, '{\"Nama\":\"Andreas obrien saragih\",\"Email\":\"andreasobrien123@gmail.com\",\"Nomor_WhatsApp\":\"081373253577\"}', 'kehadiran-HMPTI166391336959422-1663913369.jpg?1664', NULL, 4, 'Saat menjelaskan jangan terlalu cepat jadi susah untuk dimengerti, dan juga snacknya kurang banyak', 'Valid', '2022-09-27 15:21:30'),
('HMPTI166391336960443', 'ramadhanfadli614@gmail.com', 'Taufiq fadhly ramadhan', 1663913369, '{\"Nama\":\"Taufiq fadhly ramadhan\",\"Email\":\"ramadhanfadli614@gmail.com\",\"Nomor_WhatsApp\":\"085601138520\"}', '', NULL, 0, '', 'Unset', '2022-09-28 12:04:23'),
('HMPTI166391336964433', 'kurniawanreynaldi8@gmail.com', 'kurniawanreynaldi8@gmail.com', 1663913369, '{\"Nama\":\"Reynal\",\"Email\":\"kurniawanreynaldi8@gmail.com\",\"Nomor_WhatsApp\":\"088806291445\"}', '', NULL, 0, '', 'Unset', '2022-09-27 18:12:12'),
('HMPTI166391336964442', 'hafidhbaskoro6@gmail.com', 'hafidh baskoro123', 1663913369, '{\"Nama\":\"Mohamad Hafidh Baskoro \",\"Email\":\"hafidhbaskoro6@gmail.com\",\"Nomor_WhatsApp\":\"089662606800\"}', '', NULL, 0, '', 'Unset', '2022-09-28 10:46:57'),
('HMPTI166391336965429', 'bungamerah157@gmail.com', 'Rio Putra Brilian', 1663913369, '{\"Nama\":\"Rio Putra Brilian\",\"Email\":\"bungamerah157@gmail.com\",\"Nomor_WhatsApp\":\"082235708867\"}', '', NULL, 0, '', 'Unset', '2022-09-27 16:15:53'),
('HMPTI166391336965436', 'aldiotri03@gmail.com', 'Aldio Tri Bangkit Sanjaya ', 1663913369, '{\"Nama\":\"Aldio\",\"Email\":\"aldiotri03@gmail.com \",\"Nomor_WhatsApp\":\"087832480080\"}', '', NULL, 0, '', 'Unset', '2022-09-27 18:46:37'),
('HMPTI166391336970448', 'salomo_adi@fikom.udb.ac.id', 'SALOMO ADI MANUEL', 1663913369, '{\"Nama\":\"Salomo\",\"Email\":\"Salomo_adi@fikom.udb.ac.id\",\"Nomor_WhatsApp\":\"082298286500\"}', '', NULL, 0, '', 'Unset', '2022-09-28 19:37:44'),
('HMPTI166391336972425', 'sofyannurrohman1@gmail.com', 'Sofyan Nur Rohman', 1663913369, '{\"Nama\":\"Sofyan Nur Rohman\",\"Email\":\"sofyannurrohman1@gmail.com\",\"Nomor_WhatsApp\":\"081239496328\"}', '', NULL, 0, '', 'Unset', '2022-09-27 15:38:01'),
('HMPTI166391336973446', 'anjariahmad784@gmail.com', 'Anjari Ahmad', 1663913369, '{\"Nama\":\"Ahmad \",\"Email\":\"anjariahmad@gmail.com \",\"Nomor_WhatsApp\":\"081393249863\"}', '', NULL, 0, '', 'Unset', '2022-09-28 14:32:32'),
('HMPTI166391336976452', 'muhamad_sandi@fikom.udb.ac.id', 'MUHAMAD SANDI', 1663913369, '{\"Nama\":\"muhamad sandi\",\"Email\":\"sandimuhamad46@gmail.com\",\"Nomor_WhatsApp\":\"081225994986\"}', '', NULL, 0, '', 'Unset', '2022-09-28 22:20:29'),
('HMPTI166391336976460', 'abelmahogra@gmail.com', 'ABELTHA MAHOGRA AGRA PRANA', 1663913369, '{\"Nama\":\"Abel\",\"Email\":\"abelmahogra@gmail.com\",\"Nomor_WhatsApp\":\"085602674535\"}', '', NULL, 0, '', 'Unset', '2022-09-30 19:47:53'),
('HMPTI166391336978419', 'diendalfian@gmail.com', 'Alfian ', 1663913369, '{\"Nama\":\"Moch. Dienda Alfian Syahputra \",\"Email\":\"diendalfian@gmail.com\",\"Nomor_WhatsApp\":\"089504655678\"}', 'kehadiran-HMPTI166391336978419-1663913369.jpg?1664', NULL, 3, 'Waktunya kedikitan ngejelasinnya kecepepatan jadi materinya kurang paham\r\nSama kalo bisaa snacknyaaa banyakan dikit ????', 'Valid', '2022-09-27 15:03:05'),
('HMPTI166391336980417', 'prambudiraka241@gmail.com', 'Galang Prambudi Raka Kusuma ', 1663913369, '{\"Nama\":\"Galang \",\"Email\":\"galangkusuma2003@gmail.com \",\"Nomor_WhatsApp\":\"081393659693\"}', '', NULL, 0, '', 'Invalid', '2022-09-27 13:50:05'),
('HMPTI166391336982445', 'bangsatria988@gmail.com', 'Satria Andara Putra ', 1663913369, '{\"Nama\":\"Satria\",\"Email\":\"bangsatria988@gmail.com\",\"Nomor_WhatsApp\":\"081246511470\"}', '', NULL, 0, '', 'Unset', '2022-09-28 14:31:54'),
('HMPTI166391336982458', 'ikhsannurafif@gmail.com', 'Ikhsan Nur Afif', 1663913369, '{\"Nama\":\"Ikhsan\",\"Email\":\"190103161@fikom.udb.ac.id\",\"Nomor_WhatsApp\":\"082145130762\"}', '', NULL, 0, '', 'Unset', '2022-09-30 12:48:18'),
('HMPTI166391336984456', 'sucibunga882@gmail.com', 'Suci Bunga', 1663913369, '{\"Nama\":\"SUCI BUNGA PRITALINA\",\"Email\":\"190103057@fikom.udb.ac.id\",\"Nomor_WhatsApp\":\"081567601370\"}', '', NULL, 0, '', 'Unset', '2022-09-30 09:37:38'),
('HMPTI166391336985457', '190103043@fikom.udb.ac.id', 'FITRIA DINDA PUSPITA', 1663913369, '{\"Nama\":\"Fitria Dinda Puspita\",\"Email\":\"190103043@fikom.udb.ac.id\",\"Nomor_WhatsApp\":\"0895416350802\"}', '', NULL, 0, '', 'Unset', '2022-09-30 09:37:40'),
('HMPTI166391336987432', 'mathiasrekyan@gmail.com', 'Mathias Rekyan Arka Nugroho ', 1663913369, '{\"Nama\":\"Arka\",\"Email\":\"mathiasrekyan@gmail.com\",\"Nomor_WhatsApp\":\"085156875818\"}', '', NULL, 0, '', 'Unset', '2022-09-27 17:42:23'),
('HMPTI166391336990438', 's.a.irfan.t@gmail.com', 'Sholeh Abdul Irfan Torodipo', 1663913369, '{\"Nama\":\"Torodipo\",\"Email\":\"sairfant@gmail.com\",\"Nomor_WhatsApp\":\"085281491778\"}', '', NULL, 0, '', 'Unset', '2022-09-27 20:14:11'),
('HMPTI166391336991440', '210103085@mhs.udb.ac.id', 'AHMAD DIA ULHAQ', 1663913369, '{\"Nama\":\"AHMAD DIA ULHAQ\",\"Email\":\"dia.caem.2019@gmail.com\",\"Nomor_WhatsApp\":\"082387728564\"}', '', NULL, 0, '', 'Unset', '2022-09-27 22:14:22'),
('HMPTI166391336992467', '202030247@mhs.udb.ac.id', 'Jofan Fathurahman', 1663913369, '{\"Nama\":\"Jofan\",\"Email\":\"jofan@gmail.com\",\"Nomor_WhatsApp\":\"085702376814\"}', '', NULL, 0, '', 'Unset', '2022-10-12 07:47:09'),
('HMPTI166391336994418', 'riskiseptiono0@gmail.com', 'tigar riski septiono ', 1663913369, '{\"Nama\":\"Tigar\",\"Email\":\"riskiseptiono0@gmail.com\",\"Nomor_WhatsApp\":\"08818758191\"}', '', NULL, 0, '', 'Invalid', '2022-09-27 14:23:42'),
('HMPTI166391336995421', 'afifrifai634@gmail.com', 'Afif Rifa\'i Ni\'mal \'Abdu ', 1663913369, '{\"Nama\":\"Afif\",\"Email\":\"afifrifai634@gmail.com\",\"Nomor_WhatsApp\":\"081237551176\"}', 'kehadiran-HMPTI166391336995421-1663913369.jpg?1664', NULL, 4, 'Terimakasih bagi panitia yang sudah menyelenggarakan seminar pada hari ini,materi yang dibawakan sangat membantu bagi kami mahasiswa pemula.\r\nSaran saya dilain waktu mungkin jam buat seminar nya diperpanjang,agar peserta yang hadir bisa lebih memahami.', 'Valid', '2022-09-27 15:21:04'),
('HMPTI166391336996447', 'walenfalih@gmail.com', ' Falih walen Satria shakti', 1663913369, '{\"Nama\":\"Falih walen satria shakti\",\"Email\":\"falihwalen2@gmail.com\",\"Nomor_WhatsApp\":\"087733625154\"}', '', NULL, 0, '', 'Unset', '2022-09-28 16:15:53'),
('HMPTI166391336998464', 'muhammadilyasalhaidar09@gmail.com', 'Muhammad Ilyas Al Haidar', 1663913369, '{\"Nama\":\"haidar\",\"Email\":\"muhammadilyasalhaidar09@gmail.com \",\"Nomor_WhatsApp\":\"089637794860\"}', '', NULL, 0, '', 'Unset', '2022-10-01 07:22:27');

-- --------------------------------------------------------

--
-- Struktur dari tabel `h_pengunjung`
--

CREATE TABLE `h_pengunjung` (
  `id` int(11) NOT NULL,
  `email` varchar(100) NOT NULL,
  `nama` varchar(100) NOT NULL
) ENGINE=InnoDB DEFAULT CHARSET=latin1 COLLATE=latin1_swedish_ci;

--
-- Dumping data untuk tabel `h_pengunjung`
--

INSERT INTO `h_pengunjung` (`id`, `email`, `nama`) VALUES
(1, 'andiazizp123@gmail.com', 'Fandi Aziz'),
(2, 'fankdiazizp@gmail.com', 'Fandi Aziz Pratama'),
(3, 'andiazizp123@gmail.com', 'Fandi Aziz P');

-- --------------------------------------------------------

--
-- Struktur dari tabel `h_proker`
--

CREATE TABLE `h_proker` (
  `id_proker` int(11) NOT NULL,
  `judul` varchar(50) DEFAULT '',
  `waktu` varchar(50) DEFAULT '',
  `id_status` varchar(255) NOT NULL DEFAULT '0',
  `deskripsi` text DEFAULT '',
  `id_divisi` int(11) DEFAULT NULL
) ENGINE=InnoDB DEFAULT CHARSET=utf8mb4 COLLATE=utf8mb4_general_ci;

--
-- Dumping data untuk tabel `h_proker`
--

INSERT INTO `h_proker` (`id_proker`, `judul`, `waktu`, `id_status`, `deskripsi`, `id_divisi`) VALUES
(6, 'Rapat Bulanan Pengurus HMP TI', 'Hari Sabtu Minggu Ke - 4', '2', 'Menjalin kordinasi sesama anggota HMP agar\r\nterbentuknya chemistry sesama anggota. Rapat dilakukan setiap sabtu minggu ke-4 dipimpin\r\nlangsung ketua HMP, evaluasi bulanan, planning bulan\r\nselanjutnya, penyampaian pendapat anggota.', 10),
(7, 'Rapat Kerja HMP TI 2021', 'Sabtu, 22 Januari 2022', '0', 'Merencanakan strategi pelaksaanan organisasi dalam\r\nwaktu satu tahun kedepan sehingga terwujudnya visi dan\r\nmisi dari organisasi. Rapat kerja dilaksanakan secara daring melalui platform\r\ngoogle meet, dimana setiap peserta wajib menyalakan\r\nkamera. Setiap peserta dilarang meninggalkan tempat\r\ntanpa ijin.', 10),
(9, 'MUBES awal periode', 'Awal Periode Menjabat', '4', 'Membahas AD/ART HMPTI, Membahas GBHO, Ketua dan Wakil ketua HMPTI Membacakan AD/ART. Peserta MUBES berdiskusi GBHO dan Lainnya. Bila ada yang keberakatan anggota boleh mengusulkan\r\npendapatnya. MUBES Awal Tahun dihadiri minimal 2/3 dari\r\npengurus HMPTI. Hasil disahkan oleh Presidium. Sidang Pleno Awal Periode diatur dalam peraturan\r\ntersendiri.', 10),
(10, 'MUBES Akhir periode', 'Akhir periode', '3', 'membahas evaluasi kinerja HMPTI dalam 1 periode, membahas laporan pertanggungjawaban setiap\r\npengurus, setiap pengurus\r\nmenyampaikan laporan\r\npertanggungjawaban selama satu periode, setiap pengurus mengevaluasi kinerja dari pengurus lain', 10),
(11, 'MAKRAB', 'Fleksibel', '4', 'Mengakrabkan antar pengurus,\r\nMeningkatkan rasa persatuan dan kebersamaan antar\r\npengurus,\r\nMembangun kesadaran berorganisasi', 10),
(12, 'Pengeluaran Nomor Administrasi', 'Selama masa kepengurusan', '2', 'Mengeluarkan\r\nnomor\r\nsurat,\r\nproposal,\r\ndan\r\nLaporan\r\nPertanggungjawab\r\nan sebagai bentuk\r\nketeraturan dan\r\nkerapihan\r\nadministrasi\r\ndalam\r\nKesekretariatan\r\nHMPTI.', 11),
(13, 'Pengarsipan Surat Masuk dan Surat Keluar', 'Di akhir bulan, Setiap tanggal 28', '2', 'Sebagai dokumen\r\nterhadap\r\nsurat\r\nmasuk dan keluar\r\ndalam\r\nkesekretariatan\r\nsehingga\r\nterciptanya\r\nketeraturan dan\r\nkerapian dalam\r\nadministrasi\r\nkepengurusan.', 11),
(14, 'Membuat Struktur Kepengurusan HMPTI', '23 Januari 2021', '4', 'Sebagai bentuk\r\npengenalan dan\r\nmenciptakan\r\nketeraturan\r\norganigram dalam kepengurusan', 11),
(15, 'Pendataan Inventaris Kesekretariatan', 'Di akhir periode masa kepengurusan', '3', 'Sebagai bentuk\r\nmenjaga barang-\r\nbarang yang ada\r\ndi\r\ndalam\r\nkesekretariatan\r\nagar\r\nterdata,\r\nterjaga dan tertata\r\nrapi.', 11),
(16, 'Pembuatan Notulensi setelah rapat', 'Setiap melakukan rapat', '2', 'Sebagai\r\nbukti\r\nterlaksananya\r\nrapat\r\nrutin\r\nHMPTI,\r\ndan\r\nmencatat\r\nhasil\r\nrapat.', 11),
(17, 'Daftar Kehadiran Pengurus pada Kegiatan Rapat', 'Setiap melakukan rapat', '2', 'Sebagai\r\npengontrol\r\nkehadiran setiap\r\nanggota HMPTI\r\nketika rapat', 11),
(18, 'Kas Bulanan', 'Minggu ke-2 dalam 1 bulan', '4', 'Kas bulanan bertujuan untuk menambah dana tambahan\r\nuntuk keperluan dalam HMP TI', 12),
(19, 'Membuat laporan keuangan', '1x dalam 3 bulan', '4', '1. Mengetahui nominal dana keseluruhan secara detail \r\n2. Tercipta nya tertib administrasi keuangan', 12),
(20, 'Kaleidoskop', '1 periode', '2', 'Penjadwalan hari-hari besar nasional, universitas dan\r\ndokumentasi setiap kegiatan HMPTI. Bertujuan untuk setiap kegiatan dan segala bentuk\r\ninformasi terkait HMPTI dapat dapat tersampaikan dan\r\nterdokumentasi secara teratur.', 14),
(21, 'Konten Kreatif', '1 Periode', '2', 'Microblog adalah konten yang berisi informasi singkat mengenai suatu topik terutama topik seputar teknik informatika, yang berisi tulisan seperti blog dalam bentuk pendek dan dikemas dalam sebuah desain kreatif.', 14),
(22, 'Microblog', '1 Periode', '2', 'Pembuatan konten kreatif tentang IT yang diambil dari beberapa blog/website yang telah disimpulkan menjadi singkat', 14),
(24, 'Mobile Legend E-Sport Tournament', 'Maret', '3', 'Tournament Mobile Legend. Mencari dan mengembangkan esport di universitas duta\r\nbangsa.', 15),
(25, 'Maintenance Website / Pengembangan Website', 'Juli', '4', 'Membuat Todo List yaitu status proker, Status proker dapat diubah oleh Pengurus HMPTI dan dapat dilihat di halaman devisi.', 13),
(26, 'Pemeliharaan Situs Web / Pengembangan Situs Web', 'Agustus', '4', 'Peningkatan sertifikat webinar untuk menyederhanakan penyiapan sertifikat', 13),
(27, 'LPJ Online', 'Juni', '4', 'Laporan Pertanggungjawaban online.  Membuat modul / fitur tambahan untuk website HMPTI\r\nlaporan pertanggungjawaban program kerja secara online\r\nsehingga kegiatan organisasi menjadi lebih transparan.', 13),
(28, 'Webinar Cyber Security', 'Februari', '4', 'Belajar seputar Cyber Security. Memperkenalkan lebih dekat kepada mahasiswa fakultas\r\nIlmu Komputer tentang Career Prospect Cyber Security', 15),
(29, 'Webinar Artifical Intelegence', 'September', '3', 'Kecerdasan Buatan Untuk Masa Depan. Memperkenalkan lebih dekat kepada mahasiswa fakultas\r\nIlmu Komputer tentang Kecerdasan Buatan.', 15),
(30, 'SIBARMATI SEASON 2', '1 periode', '4', 'SIBAR MATI (Sinau Bareng Mahasiswa TI). Mempererat hubungan antar mahasiswa dan menambah\r\nilmu', 15),
(31, 'Jurnal Competition', 'Oktober', '3', 'Lomba menulis jurnal atau karya ilmiah dengan tema informatic technologi', 15),
(32, 'Penambahan Halaman Contact Us', 'Agustus - September', '2', 'Diharapkan dengan adanya halaman contact us ini dapat mempermudah pihak ketiga untuk melakukan komunikasi dengan HMPTI menggunakan email.', 13),
(33, 'Penambahan Halaman Form Asipirasi', 'Agustus-Oktober', '2', 'Diharapkan dengan adanya form asipirasi ini dapat memberikan ruang kepada mahasiswa untuk menyampaikan ide, gagasan, pendapat dan aduan yang akan memberikan feedback positif untuk kemajuan HMPTI dan Universitas', 13);

-- --------------------------------------------------------

--
-- Struktur dari tabel `h_sertifikat`
--

CREATE TABLE `h_sertifikat` (
  `id_sertifikat` int(11) NOT NULL,
  `id_event` varchar(50) NOT NULL DEFAULT '0',
  `posisi_x` varchar(5) NOT NULL DEFAULT '0',
  `posisi_y` varchar(5) NOT NULL DEFAULT '0',
  `tinggi_image` varchar(10) NOT NULL DEFAULT '0',
  `lebar_image` varchar(10) NOT NULL DEFAULT '0',
  `font_size` varchar(3) NOT NULL DEFAULT '30',
  `font_color_nama` varchar(50) NOT NULL DEFAULT 'rgb(0, 0, 0)',
  `font_color_id` varchar(50) DEFAULT 'rgb(0, 0, 0)'
) ENGINE=InnoDB DEFAULT CHARSET=utf8mb4 COLLATE=utf8mb4_general_ci;

--
-- Dumping data untuk tabel `h_sertifikat`
--

INSERT INTO `h_sertifikat` (`id_sertifikat`, `id_event`, `posisi_x`, `posisi_y`, `tinggi_image`, `lebar_image`, `font_size`, `font_color_nama`, `font_color_id`) VALUES
(1, '1624963850', '281', '125.0', '1590', '2248', '30', 'rgb(0, 0, 0)', 'rgb(0, 0, 0)'),
(3, '1631028893', '278.0', '122.4', '1590', '2248', '30', 'rgb(0, 0, 0)', 'rgb(0, 0, 0)'),
(4, '1632658735', '284.6', '125.5', '1590', '2248', '30', 'rgb(42, 41, 41)', 'rgb(0, 0, 0)'),
(5, '1645334027', '281', '128.0', '1590', '2248', '28', 'rgb(0, 0, 0)', 'rgb(0, 0, 0)');

-- --------------------------------------------------------

--
-- Struktur dari tabel `h_statusproker`
--

CREATE TABLE `h_statusproker` (
  `id_status` int(11) NOT NULL,
  `text` varchar(255) NOT NULL,
  `warna` varchar(255) NOT NULL
) ENGINE=InnoDB DEFAULT CHARSET=latin1 COLLATE=latin1_swedish_ci;

--
-- Dumping data untuk tabel `h_statusproker`
--

INSERT INTO `h_statusproker` (`id_status`, `text`, `warna`) VALUES
(0, 'Belum Disetel', 'dark'),
(2, 'Proses', 'success'),
(3, 'Belum Terlaksana', 'danger'),
(4, 'Sudah Terlaksana', 'primary');

--
-- Indexes for dumped tables
--

--
-- Indeks untuk tabel `h_carousel`
--
ALTER TABLE `h_carousel`
  ADD PRIMARY KEY (`id_carousel`);

--
-- Indeks untuk tabel `h_detail_organisasi`
--
ALTER TABLE `h_detail_organisasi`
  ADD PRIMARY KEY (`id`);

--
-- Indeks untuk tabel `h_divisi`
--
ALTER TABLE `h_divisi`
  ADD PRIMARY KEY (`id_divisi`) USING BTREE;

--
-- Indeks untuk tabel `h_events`
--
ALTER TABLE `h_events`
  ADD PRIMARY KEY (`id_event`);

--
-- Indeks untuk tabel `h_jabatan`
--
ALTER TABLE `h_jabatan`
  ADD PRIMARY KEY (`id_jabatan`);

--
-- Indeks untuk tabel `h_member`
--
ALTER TABLE `h_member`
  ADD PRIMARY KEY (`nim`),
  ADD UNIQUE KEY `email` (`email`);

--
-- Indeks untuk tabel `h_member_login_log`
--
ALTER TABLE `h_member_login_log`
  ADD PRIMARY KEY (`id`);

--
-- Indeks untuk tabel `h_oprek`
--
ALTER TABLE `h_oprek`
  ADD PRIMARY KEY (`id_oprek`);

--
-- Indeks untuk tabel `h_oprekk`
--
ALTER TABLE `h_oprekk`
  ADD PRIMARY KEY (`id_oprek`);

--
-- Indeks untuk tabel `h_panitia`
--
ALTER TABLE `h_panitia`
  ADD PRIMARY KEY (`id_panitia`),
  ADD KEY `id_event` (`id_event`);

--
-- Indeks untuk tabel `h_pendaftar`
--
ALTER TABLE `h_pendaftar`
  ADD PRIMARY KEY (`id_pendaftar`);

--
-- Indeks untuk tabel `h_pengunjung`
--
ALTER TABLE `h_pengunjung`
  ADD PRIMARY KEY (`id`);

--
-- Indeks untuk tabel `h_proker`
--
ALTER TABLE `h_proker`
  ADD PRIMARY KEY (`id_proker`);

--
-- Indeks untuk tabel `h_sertifikat`
--
ALTER TABLE `h_sertifikat`
  ADD PRIMARY KEY (`id_sertifikat`),
  ADD UNIQUE KEY `id_event` (`id_event`);

--
-- Indeks untuk tabel `h_statusproker`
--
ALTER TABLE `h_statusproker`
  ADD PRIMARY KEY (`id_status`);

--
-- AUTO_INCREMENT untuk tabel yang dibuang
--

--
-- AUTO_INCREMENT untuk tabel `h_carousel`
--
ALTER TABLE `h_carousel`
  MODIFY `id_carousel` int(11) NOT NULL AUTO_INCREMENT, AUTO_INCREMENT=21;

--
-- AUTO_INCREMENT untuk tabel `h_divisi`
--
ALTER TABLE `h_divisi`
  MODIFY `id_divisi` int(11) NOT NULL AUTO_INCREMENT, AUTO_INCREMENT=153;

--
-- AUTO_INCREMENT untuk tabel `h_jabatan`
--
ALTER TABLE `h_jabatan`
  MODIFY `id_jabatan` int(11) NOT NULL AUTO_INCREMENT, AUTO_INCREMENT=23;

--
-- AUTO_INCREMENT untuk tabel `h_member`
--
ALTER TABLE `h_member`
  MODIFY `nim` int(11) NOT NULL AUTO_INCREMENT, AUTO_INCREMENT=220103213;

--
-- AUTO_INCREMENT untuk tabel `h_member_login_log`
--
ALTER TABLE `h_member_login_log`
  MODIFY `id` int(255) NOT NULL AUTO_INCREMENT, AUTO_INCREMENT=1106;

--
-- AUTO_INCREMENT untuk tabel `h_oprek`
--
ALTER TABLE `h_oprek`
  MODIFY `id_oprek` int(4) NOT NULL AUTO_INCREMENT, AUTO_INCREMENT=73;

--
-- AUTO_INCREMENT untuk tabel `h_oprekk`
--
ALTER TABLE `h_oprekk`
  MODIFY `id_oprek` int(4) NOT NULL AUTO_INCREMENT, AUTO_INCREMENT=4;

--
-- AUTO_INCREMENT untuk tabel `h_panitia`
--
ALTER TABLE `h_panitia`
  MODIFY `id_panitia` int(11) NOT NULL AUTO_INCREMENT, AUTO_INCREMENT=194;

--
-- AUTO_INCREMENT untuk tabel `h_pengunjung`
--
ALTER TABLE `h_pengunjung`
  MODIFY `id` int(11) NOT NULL AUTO_INCREMENT, AUTO_INCREMENT=4;

--
-- AUTO_INCREMENT untuk tabel `h_proker`
--
ALTER TABLE `h_proker`
  MODIFY `id_proker` int(11) NOT NULL AUTO_INCREMENT, AUTO_INCREMENT=35;

--
-- AUTO_INCREMENT untuk tabel `h_sertifikat`
--
ALTER TABLE `h_sertifikat`
  MODIFY `id_sertifikat` int(11) NOT NULL AUTO_INCREMENT, AUTO_INCREMENT=6;

--
-- AUTO_INCREMENT untuk tabel `h_statusproker`
--
ALTER TABLE `h_statusproker`
  MODIFY `id_status` int(11) NOT NULL AUTO_INCREMENT, AUTO_INCREMENT=5;

--
-- Ketidakleluasaan untuk tabel pelimpahan (Dumped Tables)
--

--
-- Ketidakleluasaan untuk tabel `h_panitia`
--
ALTER TABLE `h_panitia`
  ADD CONSTRAINT `h_panitia_ibfk_1` FOREIGN KEY (`id_event`) REFERENCES `h_events` (`id_event`) ON DELETE CASCADE ON UPDATE CASCADE;
COMMIT;

/*!40101 SET CHARACTER_SET_CLIENT=@OLD_CHARACTER_SET_CLIENT */;
/*!40101 SET CHARACTER_SET_RESULTS=@OLD_CHARACTER_SET_RESULTS */;
/*!40101 SET COLLATION_CONNECTION=@OLD_COLLATION_CONNECTION */;
